"","ALGN.Open","ALGN.High","ALGN.Low","ALGN.Close","ALGN.Volume","ALGN.Adjusted"
"2020-07-01",275.950012,280.609985,272.559998,273.839996,690200,273.839996
"2020-07-02",279.149994,285.600006,276.649994,279.929993,696300,279.929993
"2020-07-06",284.149994,288.130005,279.940002,282.440002,787700,282.440002
"2020-07-07",281.880005,284.48999,274.410004,274.709991,449400,274.709991
"2020-07-08",274.350006,279.290009,272.25,278.390015,551600,278.390015
"2020-07-09",278.670013,279.809998,268.769989,274.079987,592400,274.079987
"2020-07-10",273.600006,274,269.929993,273.290009,764200,273.290009
"2020-07-13",274.929993,279.459991,269.450012,270.23999,647900,270.23999
"2020-07-14",269.040009,299.959991,267.630005,299.619995,1604400,299.619995
"2020-07-15",303.519989,321.48999,302,314.299988,1867200,314.299988
"2020-07-16",308.809998,313.769989,305.869995,309,665900,309
"2020-07-17",312.829987,326.359985,310.329987,322.299988,1002700,322.299988
"2020-07-20",310.470001,315.459991,309.040009,312.970001,931100,312.970001
"2020-07-21",316.119995,319.200012,312.190002,315.329987,694100,315.329987
"2020-07-22",315,319.5,312.48999,317.970001,840500,317.970001
"2020-07-23",305.5,314.399994,296.730011,299.049988,2345100,299.049988
"2020-07-24",298.059998,303.299988,293.929993,298.140015,796300,298.140015
"2020-07-27",296.399994,309.459991,294.570007,308.75,649300,308.75
"2020-07-28",307.869995,308.470001,299.059998,299.109985,448500,299.109985
"2020-07-29",299.070007,306.48999,299.070007,300.23999,816900,300.23999
"2020-07-30",296.829987,296.829987,289.730011,296.130005,755000,296.130005
"2020-07-31",297.429993,297.600006,288.529999,293.820007,579000,293.820007
"2020-08-03",296.01001,297.75,287,287.359985,627400,287.359985
"2020-08-04",286.649994,289.290009,279.829987,288.269989,824700,288.269989
"2020-08-05",289.700012,299.660004,287.230011,298.51001,719800,298.51001
"2020-08-06",294.519989,301.899994,292.339996,301.799988,633000,301.799988
"2020-08-07",301.100006,309.100006,299.98999,305.809998,818600,305.809998
"2020-08-10",305.369995,307.209991,298.859985,302.899994,552000,302.899994
"2020-08-11",304.950012,311.429993,302.600006,304.130005,699900,304.130005
"2020-08-12",306.269989,309.75,303.880005,307.980011,360600,307.980011
"2020-08-13",308.559998,316.279999,306.98999,312.220001,443600,312.220001
"2020-08-14",311.01001,312.890015,305.709991,306.959991,334100,306.959991
"2020-08-17",310.670013,314.890015,308.820007,309.519989,590200,309.519989
"2020-08-18",310.869995,311,304.579987,306.070007,431200,306.070007
"2020-08-19",307.480011,308.450012,301.070007,301.51001,398200,301.51001
"2020-08-20",300,302.100006,295.230011,297.25,449200,297.25
"2020-08-21",296.269989,299.839996,293.630005,294.290009,464000,294.290009
"2020-08-24",297.309998,303.350006,293.130005,295.079987,624300,295.079987
"2020-08-25",296.029999,297.269989,289.519989,296.679993,580500,296.679993
"2020-08-26",294.119995,301.929993,291.230011,300.700012,673800,300.700012
"2020-08-27",300.269989,310.350006,299.26001,305.640015,739000,305.640015
"2020-08-28",306,306.23999,299.799988,300.579987,418700,300.579987
"2020-08-31",300.209991,300.940002,295.029999,296.980011,575000,296.980011
"2020-09-01",297.100006,307.25,293.329987,305.429993,714000,305.429993
"2020-09-02",307.720001,324.880005,306.640015,324.429993,870900,324.429993
"2020-09-03",324.450012,325,310.679993,314.519989,810700,314.519989
"2020-09-04",318,318,299.329987,309,837500,309
"2020-09-08",299.98999,313.809998,299.029999,309.220001,916300,309.220001
"2020-09-09",310.070007,328.839996,310.070007,323.920013,946100,323.920013
"2020-09-10",324.059998,333.070007,324,327.950012,1093200,327.950012
"2020-09-11",328.950012,333,314,317.660004,746200,317.660004
"2020-09-14",319.48999,326.600006,319.48999,323.459991,454100,323.459991
"2020-09-15",326.929993,339.730011,324.730011,335.23999,796000,335.23999
"2020-09-16",338.230011,340.290009,328.73999,329.859985,610600,329.859985
"2020-09-17",323.369995,329.26001,319.019989,328.029999,620500,328.029999
"2020-09-18",329.600006,333.130005,314.970001,320.970001,909200,320.970001
"2020-09-21",314.790009,322.559998,302.040009,322.299988,642600,322.299988
"2020-09-22",326.76001,327.019989,313.980011,322.570007,492700,322.570007
"2020-09-23",322.040009,325,307.380005,308.320007,578800,308.320007
"2020-09-24",306.149994,316.429993,297.440002,311.880005,734200,311.880005
"2020-09-25",310.029999,320.950012,307.170013,317.929993,479800,317.929993
"2020-09-28",324.929993,328.779999,320.98999,322.859985,522100,322.859985
"2020-09-29",323.899994,328.920013,320,320.170013,452400,320.170013
"2020-09-30",322.559998,332.880005,320.290009,327.359985,687000,327.359985
"2020-10-01",333.640015,333.640015,313.859985,317.609985,856900,317.609985
"2020-10-02",312.019989,319.130005,310.029999,314.890015,544600,314.890015
"2020-10-05",317.630005,320.309998,312.720001,319.51001,645800,319.51001
"2020-10-06",322.190002,327.910004,315.23999,316.079987,499400,316.079987
"2020-10-07",320.399994,327.089996,320.399994,323.619995,488400,323.619995
"2020-10-08",325.589996,328.559998,321.859985,327.570007,346100,327.570007
"2020-10-09",331.390015,331.859985,325.179993,328.640015,384200,328.640015
"2020-10-12",334.98999,339.769989,330.899994,335.75,603800,335.75
"2020-10-13",334.480011,336.26001,329.019989,330.820007,525000,330.820007
"2020-10-14",333.529999,337.200012,328.390015,333.100006,555500,333.100006
"2020-10-15",330.109985,338.119995,330,336.670013,616500,336.670013
"2020-10-16",338.890015,343,335.079987,336.519989,548800,336.519989
"2020-10-19",339,343.209991,322.869995,326.839996,660500,326.839996
"2020-10-20",330.140015,339.679993,327.910004,334.600006,565300,334.600006
"2020-10-21",334.200012,338.679993,328.970001,335.809998,892600,335.809998
"2020-10-22",424.320007,459,424,453.230011,5114700,453.230011
"2020-10-23",451.339996,470.429993,444.769989,469.559998,1959900,469.559998
"2020-10-26",462.730011,475.369995,447.929993,454.51001,1641100,454.51001
"2020-10-27",455.350006,469.910004,450.920013,455.089996,803000,455.089996
"2020-10-28",447.809998,450.480011,439,439.51001,801800,439.51001
"2020-10-29",436.600006,442.859985,428.880005,436.570007,774500,436.570007
"2020-10-30",432,435.899994,417.359985,426.079987,767500,426.079987
"2020-11-02",432.100006,458.440002,430.369995,458.440002,1247300,458.440002
"2020-11-03",460.230011,465.660004,453.160004,465.01001,799500,465.01001
"2020-11-04",472.230011,484.5,471.01001,483.459991,960200,483.459991
"2020-11-05",486.470001,498.670013,486.470001,491.910004,890800,491.910004
"2020-11-06",490.450012,491.5,476.119995,477.850006,664400,477.850006
"2020-11-09",501,507.049988,476.790009,476.98999,957200,476.98999
"2020-11-10",484.480011,484.480011,457.609985,464.320007,742100,464.320007
"2020-11-11",464.700012,469.589996,456.480011,461.779999,543900,461.779999
"2020-11-12",455.720001,464.850006,449.029999,452.76001,621500,452.76001
"2020-11-13",455.769989,461.170013,452.25,457.26001,421500,457.26001
"2020-11-16",463.23999,466.75,450.890015,457.170013,481000,457.170013
"2020-11-17",452,456.410004,444.75,451.380005,516500,451.380005
"2020-11-18",449.059998,455.149994,442.869995,444.609985,509100,444.609985
"2020-11-19",443.540009,447.140015,439.709991,441.350006,408900,441.350006
"2020-11-20",443.390015,452.570007,439.859985,446.450012,560100,446.450012
"2020-11-23",452.149994,479.540009,449.470001,476.579987,814600,476.579987
"2020-11-24",483.01001,486,465.459991,475.100006,633900,475.100006
"2020-11-25",470.690002,474.609985,465.76001,473.690002,415800,473.690002
"2020-11-27",470.920013,477.170013,468.140015,475.5,249800,475.5
"2020-11-30",472.399994,483.880005,471.309998,481.290009,1113800,481.290009
"2020-12-01",487.459991,508.959991,485.600006,500.100006,1162100,500.100006
"2020-12-02",496.570007,507.640015,491.790009,505.480011,553200,505.480011
"2020-12-03",506.23999,516.289978,505.309998,511,583500,511
"2020-12-04",511.959991,524.880005,510.320007,521.719971,635200,521.719971
"2020-12-07",521.900024,524.609985,515.5,517.710022,533100,517.710022
"2020-12-08",516.75,518.169983,509.269989,515.76001,458100,515.76001
"2020-12-09",516.23999,520.880005,507.309998,509.01001,463500,509.01001
"2020-12-10",506.890015,511.320007,499.570007,508.390015,376700,508.390015
"2020-12-11",507,509.5,498.26001,507.079987,305900,507.079987
"2020-12-14",510.899994,522.340027,502.309998,504.309998,426900,504.309998
"2020-12-15",511.799988,519.059998,502.600006,516.299988,347300,516.299988
"2020-12-16",511.079987,520.380005,510.269989,516.340027,399300,516.340027
"2020-12-17",522,527.25,516.950012,526.719971,535900,526.719971
"2020-12-18",533.01001,535,521.650024,529.919983,896700,529.919983
"2020-12-21",518.090027,531.599976,513.340027,530.710022,449500,530.710022
"2020-12-22",531.98999,536.599976,527.599976,536.590027,435600,536.590027
"2020-12-23",540.52002,543.650024,524.98999,525,308200,525
"2020-12-24",528.140015,529.210022,521.130005,528.030029,163700,528.030029
"2020-12-28",532.320007,532.73999,518.840027,520.859985,246900,520.859985
"2020-12-29",524.919983,525.77002,512.799988,520.450012,223700,520.450012
"2020-12-30",522.289978,527.969971,519.75,524.320007,250200,524.320007
"2020-12-31",526.869995,535.400024,523.330017,534.380005,320900,534.380005
"2021-01-04",549.609985,560,519.700012,526.460022,602400,526.460022
"2021-01-05",526.969971,544.070007,526.77002,543.650024,344800,543.650024
"2021-01-06",534.330017,546.47998,531.460022,540.390015,429000,540.390015
"2021-01-07",547.780029,561.349976,544.27002,558.359985,513900,558.359985
"2021-01-08",561.630005,579.5,559,570.530029,464200,570.530029
"2021-01-11",565.01001,566.099976,551.830017,557.039978,351800,557.039978
"2021-01-12",552.340027,562.390015,548.409973,552.880005,329000,552.880005
"2021-01-13",551.26001,553.76001,543.909973,551.140015,322000,551.140015
"2021-01-14",546.51001,561.119995,543.01001,554.640015,304700,554.640015
"2021-01-15",553.190002,569.659973,548,567.22998,551700,567.22998
"2021-01-19",574.719971,574.719971,545.080017,557.409973,606900,557.409973
"2021-01-20",568.840027,575.919983,560.070007,564.369995,401800,564.369995
"2021-01-21",563.969971,565.320007,543.320007,543.809998,402600,543.809998
"2021-01-22",546.849976,546.849976,531.169983,534.080017,690700,534.080017
"2021-01-25",533.390015,540.73999,510.109985,539.469971,568800,539.469971
"2021-01-26",541.27002,545,530.059998,535.099976,469400,535.099976
"2021-01-27",519.330017,527.690002,507.769989,509.640015,859100,509.640015
"2021-01-28",509.359985,547.570007,509.359985,536.580017,681500,536.580017
"2021-01-29",525.159973,530.539978,517.539978,525.380005,686200,525.380005
"2021-02-01",539.929993,544.75,527.02002,543.049988,538500,543.049988
"2021-02-02",551.780029,567.830017,548.01001,557.77002,790900,557.77002
"2021-02-03",557.48999,557.48999,541.169983,546.179993,756300,546.179993
"2021-02-04",607.5,634.460022,600.950012,615.159973,1758800,615.159973
"2021-02-05",622.090027,624.539978,614.01001,620.450012,656500,620.450012
"2021-02-08",622.190002,630.039978,595.780029,602.440002,618300,602.440002
"2021-02-09",601.390015,618.840027,601.390015,615,426900,615
"2021-02-10",618.070007,618.070007,598.210022,605.780029,454100,605.780029
"2021-02-11",611.77002,611.77002,591.150024,599,469200,599
"2021-02-12",601.859985,609.98999,595.159973,609.580017,394900,609.580017
"2021-02-16",612.690002,615.76001,604.070007,614.210022,404600,614.210022
"2021-02-17",603.669983,611.960022,589,599.530029,398300,599.530029
"2021-02-18",596.070007,600.090027,584.549988,594.98999,288100,594.98999
"2021-02-19",595.909973,601.929993,593.150024,599.25,372400,599.25
"2021-02-22",590.369995,596.890015,578.119995,579.539978,616200,579.539978
"2021-02-23",563.280029,572.609985,552.909973,567.809998,816200,567.809998
"2021-02-24",560.130005,577.440002,553.849976,573.26001,647500,573.26001
"2021-02-25",578.869995,581.669983,547.72998,556.109985,810700,556.109985
"2021-02-26",561.460022,574.97998,554.200012,567.109985,1105600,567.109985
"2021-03-01",567.570007,577.799988,557.789978,565.109985,1015900,565.109985
"2021-03-02",565,576.349976,558,563.210022,933300,563.210022
"2021-03-03",559,560,525.77002,527.429993,832000,527.429993
"2021-03-04",523.700012,535.210022,510,520.450012,1053500,520.450012
"2021-03-05",525,539.940002,504.029999,536.460022,953400,536.460022
"2021-03-08",532.280029,538.200012,494.450012,496.070007,945400,496.070007
"2021-03-09",511.160004,527.02002,511.160004,515.869995,933600,515.869995
"2021-03-10",527.440002,534.820007,509.209991,511.790009,661300,511.790009
"2021-03-11",529.309998,544.919983,523.900024,544,668300,544
"2021-03-12",538.650024,538.650024,529.22998,536.440002,428400,536.440002
"2021-03-15",551.090027,560.179993,540.609985,558.849976,733600,558.849976
"2021-03-16",566.409973,566.650024,539.109985,542.539978,482000,542.539978
"2021-03-17",532.380005,546.48999,527.26001,540.01001,779700,540.01001
"2021-03-18",527.909973,533.409973,512.25,514.359985,1008600,514.359985
"2021-03-19",520.969971,533.809998,513.02002,529.460022,1012500,529.460022
"2021-03-22",532.340027,538.909973,528.190002,530.599976,639600,530.599976
"2021-03-23",528.320007,531.929993,517.179993,518.880005,699200,518.880005
"2021-03-24",521,522.48999,504.579987,506.170013,498900,506.170013
"2021-03-25",502.059998,520.23999,498,517.869995,512600,517.869995
"2021-03-26",518.809998,528.780029,511.970001,528.340027,547000,528.340027
"2021-03-29",523.190002,526.789978,502.230011,516,522300,516
"2021-03-30",516.219971,526.109985,511.130005,524.330017,518300,524.330017
"2021-03-31",532,545.210022,529.25,541.530029,606000,541.530029
"2021-04-01",546.23999,557.150024,544,545.049988,610000,545.049988
"2021-04-05",550.330017,554.48999,544.51001,547.940002,366100,547.940002
"2021-04-06",551.539978,563.960022,547.559998,553.840027,650200,553.840027
"2021-04-07",556.01001,559.380005,545.950012,552.559998,453900,552.559998
"2021-04-08",558.869995,577.919983,556.820007,575.75,826800,575.75
"2021-04-09",576.52002,592.98999,575,592.559998,951200,592.559998
"2021-04-12",593.590027,602.070007,585.659973,601.109985,524300,601.109985
"2021-04-13",602.48999,608.02002,591.630005,595.630005,390800,595.630005
"2021-04-14",595.700012,604.169983,589.26001,594.929993,395600,594.929993
"2021-04-15",598.570007,608.200012,598.570007,606.22998,443800,606.22998
"2021-04-16",607.140015,608,599.02002,606.330017,428800,606.330017
"2021-04-19",608.309998,610,593.669983,603.719971,406300,603.719971
"2021-04-20",603.849976,604.5,588.289978,596.200012,371600,596.200012
"2021-04-21",595.630005,618,593.179993,616.080017,400900,616.080017
"2021-04-22",621.52002,627.530029,609.75,615.309998,447500,615.309998
"2021-04-23",616,624.789978,616,620.119995,537900,620.119995
"2021-04-26",620.97998,625.609985,613.549988,617.23999,418900,617.23999
"2021-04-27",620.409973,625.789978,613.72998,621.76001,365400,621.76001
"2021-04-28",616.119995,623.109985,611.650024,613.359985,549200,613.359985
"2021-04-29",643.159973,647.200012,590.440002,604.340027,1263500,604.340027
"2021-04-30",597.76001,615.75,594.219971,595.530029,660200,595.530029
"2021-05-03",599.140015,610.119995,595.599976,599.77002,633200,599.77002
"2021-05-04",594.179993,594.179993,560.5,582.150024,1100900,582.150024
"2021-05-05",587,587.23999,568.26001,569.25,609000,569.25
"2021-05-06",568.690002,584.950012,560.580017,584.719971,705600,584.719971
"2021-05-07",586.080017,604,586.080017,598.340027,694700,598.340027
"2021-05-10",596.159973,596.159973,551.280029,554.5,866500,554.5
"2021-05-11",539.909973,570.119995,536.22998,566.26001,824000,566.26001
"2021-05-12",553.419983,557.580017,547.51001,548.640015,651000,548.640015
"2021-05-13",557.580017,559.950012,546.02002,553.619995,421000,553.619995
"2021-05-14",562.549988,572.5,555.97998,569.039978,367000,569.039978
"2021-05-17",562.099976,567.530029,554.969971,559.52002,369700,559.52002
"2021-05-18",567.099976,582.710022,565.51001,569.5,653300,569.5
"2021-05-19",557.419983,572.309998,551.01001,571.48999,502400,571.48999
"2021-05-20",575,590.530029,574.190002,587.900024,444500,587.900024
"2021-05-21",594.099976,601.390015,587.809998,591.75,544000,591.75
"2021-05-24",596.900024,611,594.099976,604.450012,514200,604.450012
"2021-05-25",605.150024,610.48999,592.950012,594.950012,449100,594.950012
"2021-05-26",593,599.48999,591.26001,596.690002,455800,596.690002
"2021-05-27",595,603.169983,586.51001,599.77002,878200,599.77002
"2021-05-28",605,609.140015,589.72998,590.150024,358400,590.150024
"2021-06-01",592.440002,596.76001,585.109985,593.47998,611900,593.47998
"2021-06-02",592.820007,592.820007,573.849976,575.48999,463000,575.48999
"2021-06-03",567.280029,576.559998,563.869995,566.960022,517800,566.960022
"2021-06-04",574.450012,586,572.530029,582.349976,511300,582.349976
"2021-06-07",579.440002,585.950012,575.289978,580.27002,438300,580.27002
"2021-06-08",582.080017,591.940002,579.150024,589.76001,337000,589.76001
"2021-06-09",593,595.650024,583.669983,585.5,326400,585.5
"2021-06-10",585.809998,612.559998,582.549988,612.150024,585400,612.150024
"2021-06-11",611.98999,615.799988,605.640015,611.539978,345000,611.539978
"2021-06-14",613.590027,614.950012,601.200012,605.77002,381700,605.77002
"2021-06-15",609.380005,613.150024,596.119995,600.049988,398500,600.049988
"2021-06-16",599.200012,601.880005,587.590027,599.599976,414400,599.599976
"2021-06-17",596.799988,616.659973,595.820007,613.330017,6e+05,613.330017
"2021-06-18",609.780029,617.109985,599.340027,601.640015,993800,601.640015
"2021-06-21",604.940002,615.179993,597.840027,611.539978,549400,611.539978
"2021-06-22",611.51001,611.809998,598.109985,604.710022,618200,604.710022
"2021-06-23",602.390015,608.609985,596,605.820007,574900,605.820007
"2021-06-24",609.640015,627.440002,608,617.390015,837500,617.390015
"2021-06-25",623,625.650024,607.320007,614.97998,2123200,614.97998
"2021-06-28",618.450012,629.349976,614.429993,621.52002,574900,621.52002
"2021-06-29",623,624.549988,611.570007,612.799988,427500,612.799988
"2021-06-30",608.72998,616.080017,603.539978,611,508800,611
"2021-07-01",609.309998,619.039978,607.590027,618.960022,658800,618.960022
"2021-07-02",624.809998,625.359985,615.359985,624.169983,372800,624.169983
"2021-07-06",624.039978,626.960022,592.130005,604.669983,846800,604.669983
"2021-07-07",609.01001,617.27002,604.01001,612.219971,370800,612.219971
"2021-07-08",604.929993,620.530029,598.02002,616.789978,410600,616.789978
"2021-07-09",621.919983,638.47998,613.710022,627.190002,610100,627.190002
"2021-07-12",631.700012,644.890015,623.75,642.859985,573800,642.859985
"2021-07-13",642.859985,647.830017,636.450012,642.400024,400300,642.400024
"2021-07-14",647.5,653.859985,631.72998,635.090027,488200,635.090027
"2021-07-15",633.890015,638.27002,609.359985,621.700012,701000,621.700012
"2021-07-16",623.390015,628.349976,613.52002,616.119995,472700,616.119995
"2021-07-19",609.369995,609.369995,591.559998,595.559998,679700,595.559998
"2021-07-20",596.039978,620.369995,589.23999,615.710022,663900,615.710022
"2021-07-21",615.530029,621.469971,603.5,619.650024,627300,619.650024
"2021-07-22",623.390015,628.98999,615.919983,627.919983,358800,627.919983
"2021-07-23",624.900024,640.409973,624.900024,638.280029,412200,638.280029
"2021-07-26",636.01001,636.619995,623.559998,635.580017,577900,635.580017
"2021-07-27",632.73999,638.200012,617.669983,625.51001,489700,625.51001
"2021-07-28",624.140015,630,616.580017,621.869995,547900,621.869995
"2021-07-29",634.359985,682.590027,634,676.97998,1576500,676.97998
"2021-07-30",675.599976,697.869995,673,695.799988,967500,695.799988
"2021-08-02",700,713.700012,695.599976,700,871600,700
"2021-08-03",700.419983,706.070007,687.559998,701.340027,706900,701.340027
"2021-08-04",698.900024,712.97998,698.580017,708.01001,520700,708.01001
"2021-08-05",711,714.150024,694.119995,699.219971,553200,699.219971
"2021-08-06",696.73999,700.789978,684,693.669983,656700,693.669983
"2021-08-09",693.5,695,684.900024,686.559998,331000,686.559998
"2021-08-10",689.570007,691.809998,674.190002,687.380005,513600,687.380005
"2021-08-11",690.22998,692.119995,676.23999,687.780029,416800,687.780029
"2021-08-12",687.719971,705.840027,683.590027,704.27002,480300,704.27002
"2021-08-13",700.859985,704.849976,685.690002,691.190002,398000,691.190002
"2021-08-16",684.200012,690.840027,681.190002,690.75,310600,690.75
"2021-08-17",690.780029,690.780029,669.309998,680.890015,610300,680.890015
"2021-08-18",680.820007,690.960022,672.72998,675.26001,475000,675.26001
"2021-08-19",671.030029,685.530029,669.640015,679.859985,359100,679.859985
"2021-08-20",681.400024,684.26001,672.809998,681.570007,292900,681.570007
"2021-08-23",687.380005,699.530029,686.859985,697.5,417800,697.5
"2021-08-24",696.340027,715.73999,696.340027,712.840027,602500,712.840027
"2021-08-25",713.25,721.450012,711.719971,716.900024,526500,716.900024
"2021-08-26",714.650024,717.75,692.900024,696.559998,540600,696.559998
"2021-08-27",699.320007,709.150024,696,701.849976,384500,701.849976
"2021-08-30",706.419983,712.799988,698.679993,702.109985,351100,702.109985
"2021-08-31",702.01001,710.679993,700.280029,709,497700,709
"2021-09-01",713.140015,719.830017,708.789978,718.719971,431100,718.719971
"2021-09-02",721.590027,731.72998,719,729.030029,384300,729.030029
"2021-09-03",729.869995,729.869995,711.97998,721.5,356600,721.5
"2021-09-07",719.799988,720.51001,706,716.210022,439400,716.210022
"2021-09-08",716.97998,733.330017,715.119995,729.919983,503600,729.919983
"2021-09-09",734.460022,735.169983,723.780029,726.409973,422800,726.409973
"2021-09-10",730.219971,731.23999,718.75,720.669983,344400,720.669983
"2021-09-13",726.539978,726.539978,695.630005,710.679993,502800,710.679993
"2021-09-14",718.359985,724.640015,703.599976,706.450012,441100,706.450012
"2021-09-15",706.059998,713.849976,692.22998,710.309998,844000,710.309998
"2021-09-16",712.97998,731.200012,710.349976,728.289978,656800,728.289978
"2021-09-17",728.900024,730.609985,715,719.380005,834200,719.380005
"2021-09-20",708.02002,713.690002,698.030029,709.640015,684100,709.640015
"2021-09-21",717.140015,721,704.609985,709.150024,646900,709.150024
"2021-09-22",713.309998,725.27002,701.210022,716.609985,447900,716.609985
"2021-09-23",723,737.450012,720.179993,727.109985,349700,727.109985
"2021-09-24",718.469971,726.299988,715.289978,725.23999,272100,725.23999
"2021-09-27",716.590027,720.070007,693.390015,701.039978,473300,701.039978
"2021-09-28",692.070007,692.73999,672.650024,677.320007,496000,677.320007
"2021-09-29",679.400024,683.119995,671.440002,673.059998,356700,673.059998
"2021-09-30",684.619995,684.619995,665.409973,665.429993,433500,665.429993
"2021-10-01",672,674.950012,648.200012,662.059998,566600,662.059998
"2021-10-04",658.599976,659.380005,637.559998,640.400024,520800,640.400024
"2021-10-05",643.809998,657.159973,642.190002,648.580017,496500,648.580017
"2021-10-06",640.599976,651.349976,638.590027,650.650024,369800,650.650024
"2021-10-07",653.619995,671.900024,653.619995,661.409973,488300,661.409973
"2021-10-08",663.969971,664.450012,641.820007,643.559998,258300,643.559998
"2021-10-11",638,644.280029,631.140015,631.849976,252300,631.849976
"2021-10-12",632,632.380005,621.869995,627.429993,505700,627.429993
"2021-10-13",608.609985,608.609985,572.51001,596.219971,2044000,596.219971
"2021-10-14",600.98999,604,586.190002,597.719971,904200,597.719971
"2021-10-15",605.25,606.950012,587.059998,589.609985,742500,589.609985
"2021-10-18",586.450012,596.98999,580.109985,595.130005,560700,595.130005
"2021-10-19",601.390015,603.679993,592.659973,594.27002,393000,594.27002
"2021-10-20",597.059998,608.72998,592.52002,608.200012,532800,608.200012
"2021-10-21",611.190002,618.01001,597.599976,599.48999,780700,599.48999
"2021-10-22",599,600.150024,586.900024,590.559998,877200,590.559998
"2021-10-25",590,597,583.650024,589.809998,1110100,589.809998
"2021-10-26",594.659973,603.340027,586.799988,593.299988,793800,593.299988
"2021-10-27",591.280029,615.25,583.380005,604.390015,1577900,604.390015
"2021-10-28",658.390015,662,607.280029,631.799988,1927900,631.799988
"2021-10-29",629.179993,629.179993,619.700012,624.369995,987100,624.369995
"2021-11-01",631.5,667.099976,631.5,661.460022,1246000,661.460022
"2021-11-02",663,678.719971,649.190002,667.059998,606900,667.059998
"2021-11-03",667.059998,675.75,657.869995,673.609985,426000,673.609985
"2021-11-04",673.460022,680.789978,670.869995,679.26001,355200,679.26001
"2021-11-05",680.400024,687.27002,675.429993,687.190002,383000,687.190002
"2021-11-08",690.469971,711.609985,682.880005,710.869995,876900,710.869995
"2021-11-09",711.179993,713.330017,699.47998,711.02002,779500,711.02002
"2021-11-10",702.169983,709.97998,687.099976,689.609985,645300,689.609985
"2021-11-11",696.98999,697.890015,681.659973,685.909973,340000,685.909973
"2021-11-12",688.98999,693.340027,686.309998,687.799988,250200,687.799988
"2021-11-15",692.059998,692.059998,674.51001,680.190002,325100,680.190002
"2021-11-16",682.419983,691.950012,679,689.059998,329500,689.059998
"2021-11-17",689.059998,698.809998,680.340027,692.320007,348900,692.320007
"2021-11-18",692.539978,695.940002,677.960022,683.830017,322200,683.830017
"2021-11-19",685.549988,691.960022,679.179993,683.289978,433500,683.289978
"2021-11-22",678.340027,682.97998,665.359985,669.679993,463300,669.679993
"2021-11-23",665.969971,666.469971,650.400024,657.26001,419800,657.26001
"2021-11-24",653.159973,657.73999,642.549988,653.200012,528000,653.200012
"2021-11-26",653.200012,654.150024,627,634.219971,444500,634.219971
"2021-11-29",636.859985,642.140015,629.539978,634.469971,537200,634.469971
"2021-11-30",632.609985,638.940002,607.469971,611.530029,972800,611.530029
"2021-12-01",622.919983,624,601.72998,602.289978,486000,602.289978
"2021-12-02",602.799988,628.72998,595.070007,624.929993,732900,624.929993
"2021-12-03",629.359985,632.570007,605.48999,619.75,536100,619.75
"2021-12-06",622,641.280029,615,638.919983,470800,638.919983
"2021-12-07",649.159973,675.210022,648.659973,666.719971,581500,666.719971
"2021-12-08",670.27002,676.940002,663.669983,675.219971,303700,675.219971
"2021-12-09",670,688.599976,670,673.590027,354900,673.590027
"2021-12-10",672.559998,683.830017,660.590027,668.119995,394400,668.119995
"2021-12-13",665.719971,666.5,628.77002,629.909973,527800,629.909973
"2021-12-14",620.200012,631.820007,598.919983,605.72998,668800,605.72998
"2021-12-15",605.72998,610.200012,591.059998,602.01001,1132300,602.01001
"2021-12-16",610.01001,611.320007,592.409973,595.059998,830100,595.059998
"2021-12-17",592.469971,619,586.909973,609.059998,1006600,609.059998
"2021-12-20",597.830017,599.950012,581.289978,593.940002,544000,593.940002
"2021-12-21",601.47998,630.840027,599.869995,628.719971,550700,628.719971
"2021-12-22",623.200012,646.599976,616.869995,645.890015,377800,645.890015
"2021-12-23",648.280029,663.609985,647.210022,653.97998,387400,653.97998
"2021-12-27",656.719971,663.619995,651.789978,661.070007,257300,661.070007
"2021-12-28",667.469971,668.820007,652.330017,656.369995,269100,656.369995
"2021-12-29",649.919983,660,649.919983,653.340027,231800,653.340027
"2021-12-30",658.570007,671.01001,656.440002,662.219971,261200,662.219971
"2021-12-31",659.469971,674.890015,655.619995,657.179993,464300,657.179993
"2022-01-03",656.299988,658.5,641.119995,648.049988,428200,648.049988
"2022-01-04",645.859985,652.190002,617.369995,623.5,552000,623.5
"2022-01-05",616.950012,621.039978,578.25,578.840027,980000,578.840027
"2022-01-06",575.47998,587.48999,563.599976,567.619995,1149400,567.619995
"2022-01-07",567.130005,567.130005,545.859985,546.98999,1190500,546.98999
"2022-01-10",533.02002,549.559998,524.340027,548.909973,1388400,548.909973
"2022-01-11",547.450012,561.559998,535.320007,559.640015,1048000,559.640015
"2022-01-12",562.23999,562.26001,534.52002,539.469971,841200,539.469971
"2022-01-13",542.669983,547.969971,523.01001,524.780029,914000,524.780029
"2022-01-14",519.929993,529.409973,510.829987,524.630005,809500,524.630005
"2022-01-18",509.25,511.98999,487.5,489.559998,1390900,489.559998
"2022-01-19",491.790009,506.98999,486.109985,497.589996,1352800,497.589996
"2022-01-20",502.269989,518.409973,489.799988,490.709991,710500,490.709991
"2022-01-21",486.48999,488.670013,462.320007,462.779999,1064000,462.779999
"2022-01-24",453.73999,475.320007,432.089996,474.429993,1093300,474.429993
"2022-01-25",464.049988,477.790009,458.070007,467.98999,1083100,467.98999
"2022-01-26",475,491.480011,451.619995,457.359985,876900,457.359985
"2022-01-27",467.700012,476.76001,451.619995,455.619995,848500,455.619995
"2022-01-28",454.720001,467.5,442.369995,463.959991,1039800,463.959991
"2022-01-31",479.220001,498.690002,478,494.959991,1353300,494.959991
"2022-02-01",494.179993,510.450012,494.179993,508.559998,898500,508.559998
"2022-02-02",511.23999,521.840027,498,505.619995,1593900,505.619995
"2022-02-03",480.359985,518,479.470001,503.309998,1890700,503.309998
"2022-02-04",496.890015,497.359985,474.269989,489.859985,1471300,489.859985
"2022-02-07",490,509.410004,489.079987,500.220001,864300,500.220001
"2022-02-08",496.149994,516.719971,491,515.48999,913700,515.48999
"2022-02-09",522.309998,548.98999,522.309998,545.940002,1246500,545.940002
"2022-02-10",525.98999,552,524.190002,532.359985,1062800,532.359985
"2022-02-11",528.380005,534.469971,505.5,509.100006,1162700,509.100006
"2022-02-14",510.529999,514.549988,500.179993,505.670013,550900,505.670013
"2022-02-15",515,528.950012,513.380005,528.23999,675000,528.23999
"2022-02-16",526.169983,529.48999,514.22998,526.380005,534900,526.380005
"2022-02-17",521.01001,523.710022,501.059998,501.76001,619300,501.76001
"2022-02-18",504.029999,510.640015,494.73999,498.649994,645800,498.649994
"2022-02-22",492.559998,510.859985,490.01001,494.109985,698400,494.109985
"2022-02-23",496.329987,501.51001,481.25,482.660004,631600,482.660004
"2022-02-24",468.579987,511.5,464.01001,509.149994,986100,509.149994
"2022-02-25",506.209991,512.880005,497.220001,512.559998,460400,512.559998
"2022-02-28",503.940002,513.119995,499.309998,511.459991,592600,511.459991
"2022-03-01",508.730011,509.829987,490.929993,500.970001,614900,500.970001
"2022-03-02",505.170013,505.200012,481.820007,496.140015,581400,496.140015
"2022-03-03",501.220001,502.23999,475.369995,477.450012,655900,477.450012
"2022-03-04",474.779999,475.160004,452.980011,464.480011,755700,464.480011
"2022-03-07",464,468.799988,434.640015,435.570007,1075900,435.570007
"2022-03-08",430,433,411.799988,415.01001,1154600,415.01001
"2022-03-09",433.220001,444.839996,426.309998,442.049988,694300,442.049988
"2022-03-10",428.269989,434.809998,417,430.089996,532600,430.089996
"2022-03-11",438.160004,438.160004,400,400.670013,957000,400.670013
"2022-03-14",403.209991,403.209991,372.619995,378.089996,2019600,378.089996
"2022-03-15",381.089996,392.630005,375,390.730011,1708600,390.730011
"2022-03-16",402.339996,421.01001,400.01001,420.649994,1067500,420.649994
"2022-03-17",417.660004,427.350006,414.01001,425.480011,626200,425.480011
"2022-03-18",426.01001,444.230011,421.070007,442.869995,1066600,442.869995
"2022-03-21",436.429993,446.790009,423.920013,432.470001,664100,432.470001
"2022-03-22",434.809998,461.790009,434.809998,457.029999,919200,457.029999
"2022-03-23",451.220001,452.73999,435.769989,437.059998,622600,437.059998
"2022-03-24",438.850006,438.850006,422.200012,436.26001,794100,436.26001
"2022-03-25",439.049988,439.98999,418.670013,430.440002,678900,430.440002
"2022-03-28",435.079987,438.309998,426.589996,434,546700,434
"2022-03-29",442.570007,458.25,441.420013,452.940002,821900,452.940002
"2022-03-30",449.649994,450.320007,437.970001,442.170013,494100,442.170013
"2022-03-31",444.959991,451.609985,435.779999,436,696300,436
"2022-04-01",439.420013,448.130005,438.950012,446.410004,693200,446.410004
"2022-04-04",445.429993,451.190002,439.220001,445.390015,537400,445.390015
"2022-04-05",446.869995,446.869995,434.579987,436.799988,614200,436.799988
"2022-04-06",429.660004,429.660004,412.690002,421.73999,708200,421.73999
"2022-04-07",418.790009,426.700012,415.130005,422.179993,541600,422.179993
"2022-04-08",418.980011,426.630005,411.429993,420.559998,514400,420.559998
"2022-04-11",414,425.429993,408.850006,409.690002,689700,409.690002
"2022-04-12",414.059998,430.440002,401.079987,406.230011,570000,406.230011
"2022-04-13",409.019989,420.179993,407.01001,416.910004,442500,416.910004
"2022-04-14",416,417.869995,407.369995,409.820007,458000,409.820007
"2022-04-18",408.019989,409.660004,401.209991,405.880005,435800,405.880005
"2022-04-19",403.170013,426.709991,403.01001,424.540009,711700,424.540009
"2022-04-20",427.779999,431.269989,418.200012,419.179993,626300,419.179993
"2022-04-21",421.73999,425.029999,382.309998,383.630005,927200,383.630005
"2022-04-22",380.570007,381.600006,360.170013,360.570007,1235800,360.570007
"2022-04-25",363.450012,371.160004,354.859985,368.859985,1065700,368.859985
"2022-04-26",363.220001,365.540009,353.929993,361.299988,1143900,361.299988
"2022-04-27",365.019989,378.980011,357.220001,360.429993,1299500,360.429993
"2022-04-28",282,306.959991,270.369995,304.660004,4212100,304.660004
"2022-04-29",303.329987,319.089996,288.880005,289.910004,1758600,289.910004
"2022-05-02",292.480011,310.970001,288.019989,308.880005,1683000,308.880005
"2022-05-03",304.019989,311.920013,297.049988,301.019989,1077800,301.019989
"2022-05-04",300.029999,311.619995,286.700012,310.890015,1118300,310.890015
"2022-05-05",305.790009,309,280.049988,283.720001,1584500,283.720001
"2022-05-06",285.850006,286.339996,271.529999,280.410004,1243700,280.410004
"2022-05-09",274.220001,277.670013,265.299988,268.959991,1308000,268.959991
"2022-05-10",273.5,279.600006,254.479996,258.130005,2246600,258.130005
"2022-05-11",258.769989,269.589996,255,256.109985,1037500,256.109985
"2022-05-12",253.820007,265.399994,250.639999,259.529999,1200500,259.529999
"2022-05-13",264.420013,276.839996,264.420013,275.519989,1112500,275.519989
"2022-05-16",274.660004,281.619995,270.119995,274.200012,1101000,274.200012
"2022-05-17",279.959991,285.459991,273.98999,280.589996,1190200,280.589996
"2022-05-18",276.5,277.410004,267.309998,269.109985,1321600,269.109985
"2022-05-19",267.070007,278.799988,265.51001,273.890015,782700,273.890015
"2022-05-20",280,282.410004,267.01001,275.040009,922900,275.040009
"2022-05-23",278.459991,279.549988,266.049988,278.709991,981700,278.709991
"2022-05-24",273.170013,274.209991,265.01001,270.179993,1194900,270.179993
"2022-05-25",267.149994,281.480011,266.690002,276.570007,908900,276.570007
"2022-05-26",274.420013,279.149994,268.149994,274.829987,983500,274.829987
"2022-05-27",276.029999,284.570007,275.619995,284.570007,953300,284.570007
"2022-05-31",284.700012,286.399994,272.170013,277.640015,1677900,277.640015
"2022-06-01",281.070007,283.269989,263.480011,265.170013,1106500,265.170013
"2022-06-02",266.76001,287.049988,264.540009,284.869995,1126600,284.869995
"2022-06-03",278.660004,280.459991,272.850006,273.600006,643200,273.600006
"2022-06-06",280.869995,281.5,266.619995,269.01001,829300,269.01001
"2022-06-07",265.76001,275.75,265.76001,273.51001,654200,273.51001
"2022-06-08",275.420013,277.709991,272.320007,273.130005,750900,273.130005
"2022-06-09",268.720001,273.910004,262.130005,262.549988,813600,262.549988
"2022-06-10",257.399994,259.339996,251.630005,257.059998,1547400,257.059998
"2022-06-13",246.889999,251.970001,242.669998,244.009995,1273100,244.009995
"2022-06-14",245.029999,245.630005,235.550003,238.080002,1011000,238.080002
"2022-06-15",240.990005,249.529999,237.119995,243.779999,1396100,243.779999
"2022-06-16",235.589996,239.220001,228.350006,229.820007,1506400,229.820007
"2022-06-17",230.960007,240.320007,230.839996,234.470001,1941600,234.470001
"2022-06-21",241.139999,241.990005,229.970001,230.309998,1412000,230.309998
"2022-06-22",226.479996,240.800003,225.860001,235.089996,1600100,235.089996
"2022-06-23",237.979996,252.570007,236.619995,251.119995,1164100,251.119995
"2022-06-24",253.080002,258.929993,252.509995,258.75,2794000,258.75
"2022-06-27",258.76001,259.790009,249.100006,250.169998,1045000,250.169998
"2022-06-28",251.509995,254.759995,241.429993,241.919998,702500,241.919998
"2022-06-29",243.869995,244.190002,236.809998,242.149994,841400,242.149994
