"","AVY.Open","AVY.High","AVY.Low","AVY.Close","AVY.Volume","AVY.Adjusted"
"2020-07-01",114.339996,114.75,112.300003,114.019997,492500,110.635941
"2020-07-02",115.190002,117.559998,114.639999,117,728400,113.527496
"2020-07-06",119.43,120.089996,116.709999,118.18,629400,114.672478
"2020-07-07",116.699997,116.839996,115.269997,115.849998,480300,112.411629
"2020-07-08",115.480003,116.040001,112.489998,112.949997,673600,109.597702
"2020-07-09",112.5,112.709999,109.989998,110.610001,573400,107.327141
"2020-07-10",110.800003,111.839996,110.010002,111.040001,970800,107.7444
"2020-07-13",112.199997,114.089996,111.699997,112.150002,946100,108.821442
"2020-07-14",112.120003,115.82,111.440002,115.82,784400,112.382507
"2020-07-15",118.050003,119.610001,117.32,118.989998,761700,115.45845
"2020-07-16",118.889999,120.580002,118.400002,119.419998,675300,115.875687
"2020-07-17",120.269997,121.660004,118.800003,121.260002,595400,117.661064
"2020-07-20",120.5,121.010002,119.660004,119.889999,310400,116.331726
"2020-07-21",120.110001,121.410004,120,120.489998,400500,116.913918
"2020-07-22",120.129997,122.199997,119.93,122.199997,358600,118.573174
"2020-07-23",122.260002,123.599998,120.400002,120.910004,362800,117.321449
"2020-07-24",121.050003,122.709999,119.910004,120.410004,1467700,116.836296
"2020-07-27",120.459999,120.900002,113.620003,115.860001,1203800,112.421333
"2020-07-28",117.25,118.389999,116.290001,117.599998,968500,114.109688
"2020-07-29",118.199997,119.370003,117.260002,117.959999,746700,114.459023
"2020-07-30",116.339996,117.010002,114.599998,115.129997,457900,111.712997
"2020-07-31",114.699997,115.029999,112.099998,113.339996,400300,109.976128
"2020-08-03",114.040001,114.389999,112.540001,112.809998,480700,109.461853
"2020-08-04",112.32,114.18,111.800003,113.839996,657800,110.461296
"2020-08-05",114.470001,116.82,114.470001,116.089996,608900,112.644508
"2020-08-06",115.940002,116.849998,114.129997,114.449997,580900,111.053185
"2020-08-07",113.720001,115.830002,113.389999,115.82,379700,112.382507
"2020-08-10",116.360001,117.190002,115.330002,116.18,343300,112.73185
"2020-08-11",118.18,119.949997,117.830002,118.349998,625900,114.837433
"2020-08-12",119.940002,120.82,119.110001,120.459999,419600,116.884804
"2020-08-13",119.110001,119.18,117.860001,118.43,366700,114.915062
"2020-08-14",117.5,117.970001,116.360001,116.589996,378600,113.129662
"2020-08-17",117.43,117.43,115.43,115.860001,354200,112.421333
"2020-08-18",115.699997,115.900002,114.150002,114.339996,403300,110.946449
"2020-08-19",115.040001,116.080002,113.75,114.25,333900,110.859116
"2020-08-20",113.089996,113.599998,112.209999,113.440002,441500,110.073166
"2020-08-21",113.309998,115.050003,112.690002,114.580002,360700,111.179321
"2020-08-24",115.480003,116.309998,114.779999,115.379997,240700,111.955582
"2020-08-25",116.099998,116.300003,114.440002,115.910004,438400,112.469864
"2020-08-26",115.629997,116.029999,114.620003,115.75,371100,112.314606
"2020-08-27",115.339996,117.129997,115.260002,116.290001,349800,112.838577
"2020-08-28",116.639999,118.360001,115.419998,118.18,314500,114.672478
"2020-08-31",118.18,118.18,114.650002,115.389999,544300,111.965286
"2020-09-01",114.160004,117.709999,113.059998,117.660004,521800,114.744675
"2020-09-02",117.779999,121.529999,117.57,121.160004,553600,118.157959
"2020-09-03",121.209999,121.330002,117.040001,119.080002,561100,116.129494
"2020-09-04",120.419998,120.690002,117.650002,119.080002,574400,116.129494
"2020-09-08",118.379997,118.379997,113.559998,114.059998,606400,111.233871
"2020-09-09",114.589996,117.019997,114.589996,116.349998,439300,113.46714
"2020-09-10",117.199997,118.050003,115.910004,116.040001,546200,113.16481
"2020-09-11",117.230003,120.82,116.910004,119.790001,807200,116.821899
"2020-09-14",121.290001,123.839996,121.120003,121.809998,723700,118.791832
"2020-09-15",123.169998,128.720001,123.169998,128.020004,956500,124.847977
"2020-09-16",128.360001,129.740005,128.020004,128.330002,1137400,125.150299
"2020-09-17",127,129.729996,124.660004,128.690002,708800,125.501373
"2020-09-18",128.039993,128.779999,124.57,125.480003,741900,122.370918
"2020-09-21",123.099998,124.260002,119.550003,121.199997,630100,118.196945
"2020-09-22",120.910004,122.589996,120.849998,122.010002,672200,118.9869
"2020-09-23",122.290001,122.43,118.220001,118.709999,696000,115.768661
"2020-09-24",118.010002,119.620003,116.739998,117.360001,614100,114.45211
"2020-09-25",116.199997,119.75,115.769997,119.300003,429400,116.34404
"2020-09-28",120.760002,123.860001,120.529999,123.010002,565200,119.96212
"2020-09-29",123.639999,125.339996,123.239998,124.589996,662700,121.50296
"2020-09-30",125.360001,129.399994,125.050003,127.839996,886400,124.672432
"2020-10-01",128.710007,129.5,124.309998,124.650002,679900,121.561478
"2020-10-02",122.790001,125.699997,122.559998,124.330002,718300,121.249397
"2020-10-05",125.959999,128.720001,125.800003,128.220001,770800,125.04303
"2020-10-06",129.279999,130.600006,125.75,126.339996,763700,123.209602
"2020-10-07",128.110001,131.460007,127.959999,129.559998,409200,126.349838
"2020-10-08",130.029999,132.179993,130.029999,132.059998,411700,128.787888
"2020-10-09",133.039993,133.220001,130.179993,130.5,469300,127.26651
"2020-10-12",131.600006,131.869995,129.080002,129.309998,673300,126.106018
"2020-10-13",129,130.759995,128.460007,129.440002,353000,126.232796
"2020-10-14",129.389999,131.669998,129.389999,131.179993,345800,127.92968
"2020-10-15",129.789993,133.559998,129.660004,132.860001,419800,129.568054
"2020-10-16",133.720001,134.479996,133.369995,134.020004,435500,130.69931
"2020-10-19",133.929993,136.190002,133.529999,133.740005,674300,130.426254
"2020-10-20",135.410004,137.5,133.910004,134.339996,579300,131.011398
"2020-10-21",134.490005,145.449997,134.490005,142.559998,1400800,139.02771
"2020-10-22",138.589996,142.839996,137.589996,140.869995,736200,137.379562
"2020-10-23",142.070007,143.800003,140.460007,141.740005,683100,138.228043
"2020-10-26",140.490005,140.649994,137.550003,139.25,379700,135.799728
"2020-10-27",139.440002,140.190002,138.149994,138.149994,528300,134.726974
"2020-10-28",135.179993,136.990005,134.5,135.149994,600600,131.801315
"2020-10-29",135.630005,140.839996,135.289993,139.809998,579500,136.34584
"2020-10-30",138.149994,140.289993,136.679993,138.389999,550200,134.961044
"2020-11-02",140.089996,142.279999,139.429993,141.699997,480800,138.189026
"2020-11-03",143.880005,146.020004,143.119995,145.210007,452500,141.612061
"2020-11-04",145.289993,145.889999,142.509995,143.380005,483000,139.827408
"2020-11-05",145.399994,148.899994,145,147.039993,348600,143.396698
"2020-11-06",147.119995,148.820007,146.919998,148.259995,312100,144.586472
"2020-11-09",153.990005,156.820007,150.979996,152.350006,891200,148.575134
"2020-11-10",151.639999,152.720001,147.710007,150.699997,1172900,146.966019
"2020-11-11",151.820007,153.229996,150.330002,151.779999,426900,148.019272
"2020-11-12",150.539993,151.350006,146.600006,147.619995,493200,143.962311
"2020-11-13",148.990005,151.070007,148.330002,149.580002,638200,145.873764
"2020-11-16",152.179993,153.979996,150.860001,152.600006,513600,148.818954
"2020-11-17",151.380005,152.229996,149.100006,149.440002,556500,145.737259
"2020-11-18",150.160004,151.5,147.410004,147.429993,480400,143.777039
"2020-11-19",146.839996,147.5,145.350006,147.029999,509700,143.386948
"2020-11-20",146.860001,147.850006,146.119995,147.5,414200,143.845306
"2020-11-23",148.910004,149.690002,146.630005,147.479996,370000,143.825806
"2020-11-24",149.270004,153.5,148.580002,153.059998,559700,149.267532
"2020-11-25",152.25,152.970001,150.850006,151.559998,317400,147.804733
"2020-11-27",151.399994,152.240005,149.440002,150.300003,179400,146.575943
"2020-11-30",150.080002,151.25,148.5,149.339996,590300,145.639709
"2020-12-01",150.809998,152.710007,149.009995,151.75,399500,148.606964
"2020-12-02",150.649994,152.429993,150,150.839996,324300,147.71582
"2020-12-03",150.809998,152.199997,149.539993,149.869995,450800,146.765884
"2020-12-04",150.350006,154.240005,150.139999,154.039993,313800,150.849518
"2020-12-07",154.309998,155.369995,153.029999,154.179993,409500,150.986633
"2020-12-08",153.690002,156.050003,152.259995,155.309998,438400,152.093201
"2020-12-09",156.139999,156.610001,153,153.899994,349500,150.712433
"2020-12-10",153.119995,153.210007,149.960007,150.800003,456400,147.676636
"2020-12-11",149.529999,150.690002,149.149994,150.009995,437400,146.903
"2020-12-14",151.820007,151.929993,148.449997,148.770004,599300,145.688675
"2020-12-15",150.649994,151.789993,149.160004,150.979996,437600,147.852905
"2020-12-16",151.009995,151.220001,148.899994,150.649994,301000,147.529724
"2020-12-17",151.649994,152.919998,150.490005,152.229996,351500,149.077026
"2020-12-18",151.949997,153.169998,150.589996,152.960007,995200,149.791916
"2020-12-21",150.690002,152.360001,148.550003,152.080002,312900,148.930099
"2020-12-22",151.369995,152.809998,150.190002,151.759995,336700,148.616745
"2020-12-23",152.669998,154.139999,151.779999,152.710007,305700,149.547089
"2020-12-24",153.570007,153.949997,152.199997,153.399994,82200,150.222763
"2020-12-28",155,155.779999,153.330002,153.940002,221000,150.751602
"2020-12-29",154.5,155.009995,151.490005,152.220001,230900,149.067245
"2020-12-30",153.320007,154.889999,153.009995,154.190002,190800,150.996445
"2020-12-31",154.699997,155.479996,152.960007,155.110001,203900,151.897369
"2021-01-04",155.460007,157.25,151.110001,151.899994,527900,148.753845
"2021-01-05",154.050003,154.779999,151.690002,152.229996,827000,149.077026
"2021-01-06",153.990005,158.539993,153.070007,158.050003,1006700,154.776489
"2021-01-07",160.440002,163.270004,159.830002,162.979996,510900,159.60437
"2021-01-08",163.279999,163.820007,155.559998,156.75,664200,153.503387
"2021-01-11",155.399994,162.699997,155.399994,161.339996,541400,157.998322
"2021-01-12",161.460007,164.110001,160.789993,163.429993,436400,160.045044
"2021-01-13",162.5,163.729996,160.509995,162.929993,563300,159.555405
"2021-01-14",163.279999,164.009995,161.429993,161.779999,373600,158.429214
"2021-01-15",160.949997,160.949997,158.429993,159.330002,421000,156.029968
"2021-01-19",161.220001,162.119995,158.779999,159.770004,412700,156.460861
"2021-01-20",160.160004,161.529999,159.070007,159.380005,412000,156.078934
"2021-01-21",159.779999,160.850006,158.289993,159.770004,296600,156.460861
"2021-01-22",159.320007,159.690002,156.490005,156.679993,468400,153.434845
"2021-01-25",155.979996,156.850006,153.559998,155.929993,388000,152.700378
"2021-01-26",156.869995,157.350006,154.949997,155.369995,307200,152.151978
"2021-01-27",151.850006,152.179993,147.399994,148.669998,430900,145.590759
"2021-01-28",151.169998,156.100006,150.020004,154.309998,385500,151.113922
"2021-01-29",153.080002,153.820007,150.339996,150.869995,421000,147.745193
"2021-02-01",153.320007,153.759995,149.429993,153.059998,381700,149.889816
"2021-02-02",154.949997,157.190002,152.600006,155.990005,456000,152.75914
"2021-02-03",160,167.949997,159.169998,166.410004,925500,162.963318
"2021-02-04",166.190002,169.940002,162.479996,169.759995,730400,166.243942
"2021-02-05",171.619995,173.169998,169.639999,173.089996,667900,169.504959
"2021-02-08",172.830002,175.580002,170.779999,174.889999,531400,171.267685
"2021-02-09",174.440002,174.839996,171.5,172.539993,491100,168.966354
"2021-02-10",174.529999,176.380005,172.789993,174.630005,511400,171.013092
"2021-02-11",174.169998,174.580002,170.529999,173.360001,434300,169.769379
"2021-02-12",172.449997,177.350006,172.350006,177.229996,252600,173.559219
"2021-02-16",177.820007,179.309998,177.130005,179.110001,465100,175.400284
"2021-02-17",178.039993,178.979996,175.100006,175.479996,345900,171.845459
"2021-02-18",174.399994,175.570007,171.690002,172.570007,398800,168.995743
"2021-02-19",173.419998,176.800003,173.419998,175.410004,616000,171.776932
"2021-02-22",173.740005,173.850006,171.350006,172.309998,577300,168.741119
"2021-02-23",171.889999,176.399994,168.880005,175.740005,601000,172.100082
"2021-02-24",175.789993,181.389999,173.75,180.520004,1277100,176.781082
"2021-02-25",179.539993,181.570007,177.889999,178.919998,631700,175.214233
"2021-02-26",177.809998,179.690002,175.210007,175.210007,701900,171.581055
"2021-03-01",176.699997,181.699997,176.699997,178.470001,513400,174.77356
"2021-03-02",177.449997,178.850006,174.740005,177.009995,540500,173.948074
"2021-03-03",177.699997,180.210007,176.75,178.419998,595100,175.333664
"2021-03-04",178.149994,178.839996,168.470001,172.190002,458700,169.211456
"2021-03-05",174.929993,177.960007,168.720001,177.270004,592500,174.203583
"2021-03-08",177.639999,185.820007,176.839996,183.039993,865600,179.873749
"2021-03-09",183.080002,186.770004,182.169998,182.270004,637200,179.117096
"2021-03-10",182.5,183.649994,180.089996,180.25,596100,177.13205
"2021-03-11",181.470001,181.470001,177.300003,179.279999,698700,176.178802
"2021-03-12",180.779999,181.490005,179.190002,180.789993,373200,177.662674
"2021-03-15",180.380005,184.320007,179.699997,184.009995,420700,180.826981
"2021-03-16",184.940002,185.919998,180.5,180.529999,538800,177.407181
"2021-03-17",179.869995,182.089996,179,181.130005,363200,177.996811
"2021-03-18",180.779999,182.660004,180.050003,181.570007,603800,178.429199
"2021-03-19",180.399994,181.820007,177.520004,179.509995,1330600,176.404831
"2021-03-22",178.070007,181.389999,176.970001,180.429993,356700,177.308914
"2021-03-23",179.639999,181.320007,175.830002,176.809998,428600,173.751541
"2021-03-24",177.860001,180.130005,176.690002,177.100006,401000,174.036514
"2021-03-25",177.529999,181.869995,174.639999,181.589996,535300,178.448853
"2021-03-26",182.050003,183.770004,180.600006,183.639999,306100,180.463394
"2021-03-29",182.190002,185.229996,182.089996,182.490005,582300,179.333298
"2021-03-30",182.529999,185.470001,182.199997,185.179993,397400,181.976746
"2021-03-31",185,186.360001,183.479996,183.649994,414900,180.473221
"2021-04-01",183.570007,188.809998,181.839996,188.070007,850900,184.816772
"2021-04-05",189.270004,192.089996,188.559998,190.949997,449800,187.646927
"2021-04-06",189.440002,192.839996,189.440002,192.309998,494800,188.983398
"2021-04-07",192.910004,192.910004,189.470001,190.600006,323200,187.302979
"2021-04-08",189.429993,192.460007,188.820007,191.970001,452300,188.649277
"2021-04-09",192.699997,197.800003,191.580002,197.130005,915300,193.720016
"2021-04-12",197.410004,198.679993,195.520004,196.539993,491200,193.140244
"2021-04-13",195.320007,195.850006,192.169998,193.639999,611300,190.290421
"2021-04-14",193.559998,195.949997,192.229996,194.649994,722600,191.282928
"2021-04-15",196.220001,199.710007,195.880005,198.449997,525100,195.017181
"2021-04-16",200.149994,200.940002,197.669998,198.600006,416700,195.164612
"2021-04-19",199.509995,200.940002,197.979996,198.600006,539700,195.164612
"2021-04-20",199.029999,199.490005,196.440002,198.039993,518800,194.614273
"2021-04-21",198.119995,199.520004,197.570007,199.229996,555200,195.783707
"2021-04-22",200.300003,200.960007,197.520004,200,639200,196.540375
"2021-04-23",201.029999,202.910004,200.440002,202.160004,407500,198.663025
"2021-04-26",202.589996,203.490005,200.440002,200.789993,570900,197.316711
"2021-04-27",200.009995,205.490005,199.839996,204.240005,1075800,200.707062
"2021-04-28",205.149994,216.979996,205.149994,211.410004,1188200,207.753036
"2021-04-29",212.899994,215.130005,211.330002,214.729996,547700,211.015594
"2021-04-30",214.860001,216.759995,212.440002,214.169998,683000,210.465271
"2021-05-03",215.300003,215.490005,212.800003,213.710007,603300,210.013229
"2021-05-04",213.160004,214.800003,212.399994,214.699997,674600,210.986115
"2021-05-05",215.550003,216.759995,212.899994,215.919998,805800,212.184998
"2021-05-06",216.779999,220.380005,215.550003,220.350006,419100,216.538391
"2021-05-07",218.869995,222.75,218.429993,221.460007,388800,217.629181
"2021-05-10",223.320007,226.190002,221.490005,221.580002,469300,217.747101
"2021-05-11",220.220001,220.220001,216.199997,218.399994,546800,214.622101
"2021-05-12",218.410004,218.699997,214.600006,214.949997,483600,211.231796
"2021-05-13",215.410004,221.350006,214.559998,220.440002,443400,216.626816
"2021-05-14",221.160004,222.080002,218.800003,219.059998,537700,215.270676
"2021-05-17",219.199997,222.110001,217.360001,220.960007,368500,217.137817
"2021-05-18",221.199997,221.630005,216.009995,216.059998,414600,212.322601
"2021-05-19",214.169998,216.240005,212.059998,216.020004,496800,212.283295
"2021-05-20",216.380005,218.929993,215.570007,216.990005,407400,213.236496
"2021-05-21",217.869995,219.550003,216.119995,216.619995,499300,212.872879
"2021-05-24",218.460007,219.869995,216.940002,218.809998,460800,215.025009
"2021-05-25",219.199997,219.490005,215.399994,216.970001,598200,213.216843
"2021-05-26",217.039993,217.600006,214.169998,216.710007,856500,212.961349
"2021-05-27",218.419998,219.149994,217.029999,218.639999,1153300,214.857956
"2021-05-28",218.25,220.789993,217.509995,220.529999,522200,216.715256
"2021-06-01",222.119995,224.460007,221.759995,222.559998,542600,219.386627
"2021-06-02",223.350006,223.350006,217.440002,219.380005,585200,216.251968
"2021-06-03",218.190002,219.25,216.580002,219.25,487100,216.123825
"2021-06-04",220.809998,221.559998,218.979996,220.320007,391400,217.178574
"2021-06-07",221,221,215.360001,216.419998,778100,213.334152
"2021-06-08",216.070007,218.929993,214.320007,218.270004,385400,215.157791
"2021-06-09",218.149994,219.570007,217.389999,218.119995,235300,215.009933
"2021-06-10",219.289993,219.899994,216.800003,217.089996,266700,213.994598
"2021-06-11",218.110001,219.610001,217.380005,219.350006,353200,216.222397
"2021-06-14",219.100006,219.199997,213.429993,213.559998,658500,210.514954
"2021-06-15",213.570007,215.410004,211.869995,214.669998,697700,211.6091
"2021-06-16",214.160004,214.850006,210.589996,211.089996,418200,208.08017
"2021-06-17",211.089996,212.309998,204.860001,208.570007,382200,205.5961
"2021-06-18",204.199997,207.089996,202.75,205.490005,823400,202.560028
"2021-06-21",207.979996,211.160004,207.720001,209.880005,383300,206.887421
"2021-06-22",209.690002,211.100006,208.25,210.039993,354100,207.04512
"2021-06-23",210.630005,210.630005,208.429993,208.619995,222500,205.645386
"2021-06-24",210.220001,210.220001,207.509995,207.820007,539200,204.856812
"2021-06-25",208.600006,210.990005,208.320007,208.669998,786500,205.694687
"2021-06-28",209.190002,209.869995,207.460007,209.399994,386900,206.414261
"2021-06-29",209.809998,211.080002,209.410004,209.710007,236100,206.719849
"2021-06-30",209.520004,210.75,208.949997,210.240005,274200,207.242294
"2021-07-01",211.770004,212,209.839996,210.270004,387000,207.271866
"2021-07-02",210.360001,210.360001,208.160004,209.899994,349600,206.907135
"2021-07-06",209.75,210,204.399994,206.520004,467700,203.575317
"2021-07-07",205.869995,210.110001,205.869995,209.509995,592300,206.522675
"2021-07-08",206.419998,208.119995,204.419998,207.479996,384500,204.521637
"2021-07-09",210.289993,211.119995,209,210.350006,330700,207.350723
"2021-07-12",208.860001,212.139999,208.309998,210.429993,483600,207.429565
"2021-07-13",209.460007,210.110001,207.440002,208.220001,569000,205.251083
"2021-07-14",208.610001,210.050003,207.669998,208.050003,349300,205.083511
"2021-07-15",206.75,209.199997,206.360001,207.869995,296800,204.906052
"2021-07-16",208.5,208.589996,202.570007,203.289993,465100,200.391373
"2021-07-19",200.690002,202.020004,196.929993,198.839996,732200,196.004837
"2021-07-20",199.029999,204.029999,198.490005,200.75,907700,197.887589
"2021-07-21",201.809998,204.050003,201.710007,203.089996,664200,200.194229
"2021-07-22",203.25,203.25,200.419998,200.880005,376300,198.015762
"2021-07-23",201.320007,202.770004,199.75,202.25,399400,199.366196
"2021-07-26",202.300003,205.880005,202.220001,205.300003,445200,202.372726
"2021-07-27",204.199997,207.169998,202.220001,205.050003,683700,202.126282
"2021-07-28",207.100006,214.649994,206.419998,209.990005,1185400,206.99585
"2021-07-29",211.470001,211.470001,207.949997,209.699997,436900,206.709976
"2021-07-30",209.350006,211.070007,209.350006,210.679993,342000,207.675995
"2021-08-02",211.679993,215.25,209.800003,210.259995,534300,207.261978
"2021-08-03",211.059998,214.309998,209.360001,213.970001,358100,210.919098
"2021-08-04",213.479996,214.539993,211.559998,212.759995,389700,209.726349
"2021-08-05",214.25,215.410004,211.020004,211.899994,280800,208.878601
"2021-08-06",212.910004,214.5,211.309998,213.220001,369500,210.179794
"2021-08-09",213.059998,214.979996,211.509995,214.649994,453400,211.589386
"2021-08-10",215.360001,218.529999,215,217.029999,349900,213.935455
"2021-08-11",217.539993,218.490005,215.960007,217.5,317700,214.398758
"2021-08-12",216.669998,217.910004,215.339996,216.020004,255500,212.93988
"2021-08-13",215.929993,218.130005,215.350006,215.529999,292600,212.456863
"2021-08-16",214.929993,219.830002,214.279999,219.699997,538400,216.567398
"2021-08-17",219.399994,220.5,215.589996,216.779999,423900,213.689026
"2021-08-18",215.619995,218.089996,215.320007,215.619995,371500,212.545563
"2021-08-19",213.910004,217.059998,212.679993,215.470001,392000,212.39772
"2021-08-20",215.070007,218.949997,215.070007,218.279999,321800,215.167633
"2021-08-23",219.550003,220.199997,217.770004,218.050003,308800,214.940918
"2021-08-24",217.990005,220.240005,217.990005,219.089996,374200,215.966095
"2021-08-25",219.399994,224.490005,217.839996,223.940002,791600,220.746948
"2021-08-26",224.410004,226.039993,223.380005,224.690002,402400,221.486252
"2021-08-27",226.360001,228.089996,225.25,226.139999,439300,222.915573
"2021-08-30",226.770004,228.880005,226.190002,226.619995,288900,223.388733
"2021-08-31",226.059998,227.039993,224.029999,225.389999,584100,222.844925
"2021-09-01",226.389999,227.690002,222.699997,226.139999,454400,223.586472
"2021-09-02",226.910004,227.440002,225.020004,227.369995,256400,224.802567
"2021-09-03",226.949997,227.690002,225.649994,225.729996,296600,223.181107
"2021-09-07",224.979996,225.300003,221.830002,223.880005,434500,221.35199
"2021-09-08",222.889999,225.75,222.369995,224.919998,368300,222.380249
"2021-09-09",225.490005,227.039993,224.75,224.940002,212100,222.400024
"2021-09-10",226.550003,227.509995,224.330002,224.369995,312200,221.836456
"2021-09-13",226.119995,226.119995,221.759995,223.320007,236200,220.798309
"2021-09-14",223.699997,223.699997,220.619995,221.820007,295700,219.315262
"2021-09-15",221.770004,224.589996,221.330002,222.529999,373200,220.017227
"2021-09-16",222.779999,223.059998,221.020004,221.429993,284300,218.929642
"2021-09-17",221.070007,221.429993,214.270004,214.679993,741900,212.255875
"2021-09-20",211.690002,213.600006,208.830002,212.429993,368200,210.031281
"2021-09-21",213,213,209.940002,210.529999,307100,208.152725
"2021-09-22",211.660004,215,210.539993,213.389999,322600,210.980438
"2021-09-23",215.149994,220.789993,215.149994,218.509995,424100,216.042618
"2021-09-24",217.630005,219.240005,216.580002,216.940002,274600,214.490356
"2021-09-27",216.210007,217.929993,214.389999,217.070007,427400,214.618896
"2021-09-28",215.779999,217.350006,212.440002,212.520004,302600,210.12027
"2021-09-29",212.820007,214.940002,211.520004,212.839996,238800,210.436646
"2021-09-30",213.979996,214.820007,207.110001,207.210007,467300,204.870239
"2021-10-01",207.710007,210.449997,203.229996,209.649994,395500,207.282669
"2021-10-04",209.449997,211.809998,206.550003,207.940002,357900,205.59198
"2021-10-05",209,211.990005,207.630005,210.970001,520400,208.587769
"2021-10-06",208.960007,210.979996,206.020004,210.309998,432900,207.935211
"2021-10-07",212.380005,215.330002,211.860001,213.330002,323800,210.921127
"2021-10-08",213.029999,213.029999,206.669998,206.770004,397200,204.435196
"2021-10-11",207.220001,208.889999,205.460007,206.009995,270100,203.683762
"2021-10-12",206.360001,207.679993,205.110001,205.679993,378800,203.357498
"2021-10-13",206.770004,207.429993,202.259995,205.419998,360600,203.100449
"2021-10-14",207.350006,208.619995,206.559998,207.729996,503200,205.384338
"2021-10-15",209.070007,210.470001,207.270004,209.75,444300,207.381531
"2021-10-18",208.490005,209.860001,207.389999,209.520004,475200,207.154144
"2021-10-19",210.690002,212.279999,209.479996,211.279999,302800,208.894257
"2021-10-20",211.759995,215.690002,210.880005,214.669998,364500,212.245987
"2021-10-21",214.559998,216.440002,213.389999,216.369995,254000,213.926773
"2021-10-22",217.470001,219.990005,216.809998,217.5,293500,215.044037
"2021-10-25",217.559998,219.139999,215.690002,218.020004,460600,215.558167
"2021-10-26",218.589996,218.75,211.240005,211.899994,727900,209.507263
"2021-10-27",209.600006,215.100006,205,208.179993,790100,205.829269
"2021-10-28",210,215.75,209.520004,215.289993,604800,212.858978
"2021-10-29",215.300003,219.149994,215.300003,217.720001,686100,215.261551
"2021-11-01",217.539993,222.75,215.899994,219.240005,641300,216.764389
"2021-11-02",219.240005,221.119995,216.070007,216.179993,417300,213.738922
"2021-11-03",216.050003,220.539993,216.050003,217.240005,591200,214.786972
"2021-11-04",216.919998,219.830002,216.919998,218.350006,274300,215.88443
"2021-11-05",219.149994,226.699997,219.100006,226.419998,747400,223.863297
"2021-11-08",228.149994,229.240005,225.940002,226.479996,321500,223.922623
"2021-11-09",224.839996,227.25,223.350006,227.130005,392000,224.565308
"2021-11-10",226.600006,228.179993,222.270004,222.589996,310900,220.076553
"2021-11-11",223.100006,223.860001,221.089996,221.850006,233100,219.34491
"2021-11-12",222.779999,225.410004,221.440002,225.190002,222800,222.647202
"2021-11-15",226.630005,226.639999,223.669998,224.589996,314200,222.05397
"2021-11-16",224.449997,228.110001,224.360001,225.220001,272900,222.676849
"2021-11-17",224.889999,225.850006,220.880005,222.919998,243400,220.402832
"2021-11-18",222.789993,223.440002,218.770004,219.779999,345800,217.298294
"2021-11-19",219.910004,221.149994,218.360001,218.520004,474700,216.052505
"2021-11-22",219.020004,221.300003,217.360001,218.970001,452400,216.497437
"2021-11-23",219.789993,221.740005,218.179993,221.449997,293800,218.949432
"2021-11-24",221.720001,221.759995,218.160004,218.850006,564000,216.378799
"2021-11-26",212.809998,215.020004,210.720001,213.949997,318700,211.534119
"2021-11-29",217.110001,218.259995,214.789993,215.529999,424900,213.096283
"2021-11-30",212.779999,215.190002,204.229996,205.070007,1012700,203.396103
"2021-12-01",208.350006,210.639999,202.470001,202.710007,465400,201.055374
"2021-12-02",203.619995,210.139999,202.710007,209.179993,452600,207.472549
"2021-12-03",209.179993,212.039993,203.860001,205.660004,431100,203.981293
"2021-12-06",208.899994,213.070007,208.330002,211.009995,346800,209.287613
"2021-12-07",212.520004,216.820007,212.520004,215.210007,402700,213.453339
"2021-12-08",215.979996,217.089996,213,215.509995,323600,213.750885
"2021-12-09",214.5,214.5,210.699997,211.550003,538400,209.823212
"2021-12-10",213.690002,213.979996,210.070007,212.630005,316700,210.894394
"2021-12-13",212.460007,212.970001,209.600006,210.630005,370600,208.910721
"2021-12-14",210.089996,212.449997,207.949997,208.320007,453400,206.619583
"2021-12-15",209.850006,211.190002,206.889999,210.869995,423100,209.148743
"2021-12-16",212.509995,213.460007,206.830002,210.869995,384500,209.148743
"2021-12-17",210.240005,210.710007,205.850006,206.889999,714900,205.201248
"2021-12-20",203.729996,204.039993,195.660004,202.380005,503800,200.728058
"2021-12-21",205.080002,208.410004,204.050003,208.240005,309700,206.540222
"2021-12-22",207.460007,208.919998,206.789993,207.149994,368600,205.459122
"2021-12-23",207.729996,210.339996,207.589996,208.470001,246300,206.768341
"2021-12-27",209.270004,212.570007,208.75,212.5,196200,210.765457
"2021-12-28",212.419998,216.029999,212.419998,214.789993,186400,213.036758
"2021-12-29",214.610001,218.220001,214.419998,217.110001,329400,215.33783
"2021-12-30",218.339996,219.410004,215,215.279999,223800,213.522766
"2021-12-31",214.419998,217.550003,214.419998,216.570007,171000,214.802246
"2022-01-03",216.809998,217.210007,210.350006,210.809998,408300,209.089233
"2022-01-04",212.600006,217.830002,212.270004,215.919998,432400,214.157532
"2022-01-05",217.259995,219.330002,213.899994,213.979996,322100,212.233368
"2022-01-06",213.169998,215.729996,211.509995,214.009995,393900,212.263123
"2022-01-07",214.350006,215.860001,213.009995,213.240005,244500,211.49942
"2022-01-10",210.630005,211.320007,205.509995,207.460007,686800,205.766602
"2022-01-11",208.179993,211.740005,205.740005,211.690002,324800,209.962067
"2022-01-12",213.350006,214.779999,212.309998,212.839996,517300,211.102676
"2022-01-13",213.850006,215.960007,210.600006,211.509995,309600,209.783524
"2022-01-14",209.029999,211.360001,206.479996,209.080002,360400,207.373367
"2022-01-18",206.970001,208.470001,203.800003,206.869995,553000,205.181412
"2022-01-19",207.990005,209.149994,206.080002,206.25,335200,204.566467
"2022-01-20",206.570007,208.889999,202.839996,203.059998,284800,201.402496
"2022-01-21",202.800003,204.559998,199.199997,200.759995,377700,199.121277
"2022-01-24",196.679993,201.130005,192.789993,200.369995,464800,198.734467
"2022-01-25",196.600006,198,192.880005,195.679993,682700,194.082733
"2022-01-26",197.580002,201.259995,192.759995,195.270004,511500,193.676102
"2022-01-27",197.850006,201.169998,194.399994,196.369995,510600,194.767105
"2022-01-28",196.360001,199.800003,193,199.5,470300,197.871567
"2022-01-31",197.220001,206.009995,197.220001,205.419998,828400,203.743256
"2022-02-01",205.509995,209.919998,204.449997,206.389999,754200,204.705322
"2022-02-02",202.259995,205.910004,194.850006,200.699997,1159200,199.061768
"2022-02-03",196.740005,200.580002,192.380005,193.130005,656800,191.553574
"2022-02-04",191.419998,191.699997,184.050003,189.309998,1028500,187.76474
"2022-02-07",189.119995,189.320007,180.910004,181.470001,1109900,179.988739
"2022-02-08",181.460007,187.240005,179.360001,184.339996,783100,182.835312
"2022-02-09",186.850006,189.130005,185.830002,188.830002,796900,187.288651
"2022-02-10",185.630005,189.880005,184.339996,186.740005,829000,185.215729
"2022-02-11",185.979996,187.440002,181.600006,183.490005,701400,181.992249
"2022-02-14",183.320007,184.919998,179.399994,181.779999,582200,180.296219
"2022-02-15",184.279999,187.990005,183.429993,184.570007,448100,183.063446
"2022-02-16",183.869995,185.419998,182.369995,184.669998,499400,183.162628
"2022-02-17",183.410004,184.279999,181.770004,182.699997,462400,181.208694
"2022-02-18",182.880005,184.119995,180.720001,180.869995,498300,179.393631
"2022-02-22",180.899994,182.679993,177.610001,178.470001,596700,177.013229
"2022-02-23",179.529999,180.289993,174.350006,174.940002,593500,173.512054
"2022-02-24",171.289993,175.470001,168.309998,174.279999,1024400,172.857422
"2022-02-25",174.839996,180.360001,174.839996,180.320007,505500,178.848129
"2022-02-28",176.669998,177.639999,174.169998,176.199997,705600,174.761749
"2022-03-01",174.240005,175,166.190002,166.940002,760700,166.218811
"2022-03-02",168.369995,173.339996,168.25,171.990005,514800,171.247009
"2022-03-03",172.75,173.729996,169.070007,171.360001,547900,170.61972
"2022-03-04",168.460007,169.630005,165.919998,167.589996,516400,166.865997
"2022-03-07",167.119995,168.080002,157.759995,158.580002,966400,157.894928
"2022-03-08",159.809998,163.869995,156.509995,158.919998,718600,158.233459
"2022-03-09",164.190002,168.199997,163.160004,165.800003,539400,165.08374
"2022-03-10",162.089996,164.270004,160.910004,163.649994,484400,162.943024
"2022-03-11",165.460007,167.160004,162.300003,162.380005,524000,161.678513
"2022-03-14",164.610001,170.070007,163.589996,165.929993,568800,165.213165
"2022-03-15",167.279999,168.039993,164.210007,167.130005,479600,166.408005
"2022-03-16",169.190002,171.270004,166.059998,170.100006,559700,169.365173
"2022-03-17",168.630005,171.699997,168.380005,171.080002,536800,170.340927
"2022-03-18",170.710007,172.789993,168.169998,171.119995,1476700,170.380753
"2022-03-21",169.990005,172.589996,168.759995,170.770004,681900,170.032272
"2022-03-22",172.279999,173.949997,169.800003,170.850006,750200,170.111923
"2022-03-23",169.699997,169.729996,164.509995,164.600006,734400,163.888931
"2022-03-24",165.940002,168.039993,164.559998,166.820007,704100,166.099335
"2022-03-25",168,173.179993,167.800003,173.139999,840500,172.392029
"2022-03-28",172.820007,174.080002,170.149994,173.5,794300,172.750473
"2022-03-29",175.800003,180.600006,175.190002,178.899994,986200,178.127136
"2022-03-30",178.210007,180.070007,175.589996,176.830002,799400,176.066086
"2022-03-31",176.179993,177.570007,173.960007,173.970001,754300,173.218445
"2022-04-01",176.520004,176.520004,171.339996,175.039993,715700,174.283813
"2022-04-04",174.419998,174.970001,172.690002,174.570007,801100,173.815857
"2022-04-05",174.25,176.550003,173.399994,175.410004,794800,174.652222
"2022-04-06",173.690002,175.139999,170.470001,174.289993,733100,173.537064
"2022-04-07",173.199997,174.789993,170.889999,173.740005,550100,172.989441
"2022-04-08",174.410004,177.100006,172.660004,175.800003,625800,175.040543
"2022-04-11",176,178.360001,175.029999,175.580002,520900,174.821487
"2022-04-12",176.179993,177.470001,172.179993,173.490005,404200,172.740524
"2022-04-13",172.380005,173.020004,168.119995,172.509995,1234200,171.76474
"2022-04-14",173.080002,174.190002,166.419998,166.490005,630600,165.770767
"2022-04-18",165.589996,167.529999,163.410004,164.179993,489100,163.470734
"2022-04-19",164.669998,169.860001,163.699997,169.029999,543100,168.299789
"2022-04-20",170.600006,172.970001,170.350006,171.080002,447100,170.340927
"2022-04-21",173.490005,175.699997,171.929993,172.539993,613000,171.794617
"2022-04-22",171.729996,172.899994,167.190002,167.419998,660500,166.696747
"2022-04-25",166.210007,168.800003,162.509995,168.690002,808500,167.961258
"2022-04-26",175.990005,179.979996,171.570007,174.220001,1128700,173.467361
"2022-04-27",176.929993,183.740005,176.259995,181.330002,1219800,180.546646
"2022-04-28",181.860001,184.240005,178.850006,183.570007,723500,182.776978
"2022-04-29",184.050003,185.389999,180.210007,180.600006,752300,179.819809
"2022-05-02",181.460007,182.369995,175.830002,179.25,679500,178.475632
"2022-05-03",179.389999,183.039993,179.160004,181.169998,483000,180.387344
"2022-05-04",181.330002,185.990005,179.869995,185.410004,498600,184.609024
"2022-05-05",182.179993,183.940002,177.339996,179.270004,522900,178.49556
"2022-05-06",177.699997,178.830002,174.759995,177.339996,387700,176.573883
"2022-05-09",174.449997,179,174.419998,176.410004,512900,175.647903
"2022-05-10",177.289993,178.339996,169.149994,171.740005,645800,170.998077
"2022-05-11",172.110001,174.509995,170.880005,171.740005,658500,170.998077
"2022-05-12",171.199997,174.970001,168.979996,172.449997,623200,171.705002
"2022-05-13",173.649994,177.389999,173.360001,174.289993,467800,173.537064
"2022-05-16",172.899994,175.009995,170.580002,173.470001,425100,172.720612
"2022-05-17",176.860001,178.399994,174.669998,178.149994,418200,177.380386
"2022-05-18",175.479996,175.899994,167.910004,168.470001,549400,167.742203
"2022-05-19",166.960007,169.25,165.169998,167.820007,555600,167.095016
"2022-05-20",169.429993,169.789993,161.029999,164.5,698400,163.789352
"2022-05-23",166.309998,167.580002,161.850006,166.699997,511000,165.979843
"2022-05-24",165.169998,165.770004,158.619995,162.830002,703300,162.126572
"2022-05-25",161.729996,166.449997,160.529999,165.350006,672900,164.635696
"2022-05-26",167.75,169.789993,166.889999,168.850006,441600,168.120575
"2022-05-27",170.360001,173.660004,170.059998,173.610001,349000,172.860001
"2022-05-31",171.050003,174,168.740005,172.559998,1103100,172.559998
"2022-06-01",172.789993,174.410004,169.789993,173.070007,518500,173.070007
"2022-06-02",174.25,177.630005,172.600006,177.5,389400,177.5
"2022-06-03",176.039993,177.990005,175.309998,177.320007,355200,177.320007
"2022-06-06",178.169998,180.899994,177.619995,180.009995,470800,180.009995
"2022-06-07",179.5,182.210007,177.410004,181.619995,530300,181.619995
"2022-06-08",181,181.190002,178.309998,178.789993,568300,178.789993
"2022-06-09",177.539993,178.600006,173.740005,173.949997,402200,173.949997
"2022-06-10",169.860001,171.110001,166.820007,168.889999,616300,168.889999
"2022-06-13",164.779999,165.410004,160.139999,161.199997,636300,161.199997
"2022-06-14",161,162.570007,159.820007,161.089996,574500,161.089996
"2022-06-15",162.320007,163.139999,158.300003,161.100006,504500,161.100006
"2022-06-16",157.089996,157.619995,151.619995,153.309998,699800,153.309998
"2022-06-17",153.360001,157.429993,153.300003,154.910004,881200,154.910004
"2022-06-21",156.550003,157.25,154.619995,155.350006,534700,155.350006
"2022-06-22",153.190002,157.199997,152.889999,155.699997,645400,155.699997
"2022-06-23",155.330002,156.279999,152.940002,155.490005,694600,155.490005
"2022-06-24",156.910004,165.380005,156.910004,165.350006,745300,165.350006
"2022-06-27",165.970001,168.529999,164.289993,166.949997,493300,166.949997
"2022-06-28",167.649994,169.240005,163.919998,164.119995,411400,164.119995
"2022-06-29",164.240005,165.399994,161.369995,164,382700,164
