"","BDX.Open","BDX.High","BDX.Low","BDX.Close","BDX.Volume","BDX.Adjusted"
"2020-07-01",233.209763,237.0439,232.936584,235.639023,1475590,229.335083
"2020-07-02",236.273178,240.078049,234.653656,239.053665,1931613,232.658356
"2020-07-06",242.360977,247.531708,241.551224,244.360977,3277438,237.823685
"2020-07-07",242.321945,246.117065,241.521957,245.248779,1872060,238.687744
"2020-07-08",245.79512,250.663422,245.102432,246.565857,2405470,239.969604
"2020-07-09",249.034149,253.99025,247.765854,252.302444,1813635,245.552704
"2020-07-10",251.726822,253.453659,248.556091,251.092682,909278,244.375305
"2020-07-13",251.0439,255.834152,249.619507,251.131714,1375755,244.4133
"2020-07-14",250.770737,257.365845,250.517075,256.975616,1295088,250.100845
"2020-07-15",258.536591,261.609741,257.668304,260.448792,1390925,253.481094
"2020-07-16",260.390259,261.834137,258.40976,258.585358,1319073,251.667542
"2020-07-17",260.224396,262.526825,257.697571,260.468292,1311180,253.500092
"2020-07-20",261.443909,261.980499,258.575623,261.317078,1028588,254.326172
"2020-07-21",263.151215,269.67804,262.439026,264.692688,1482355,257.61145
"2020-07-22",265.082916,268.058533,264.302429,266.770721,1138570,259.633881
"2020-07-23",267.414642,269.424377,265.082916,266.058533,862435,258.940735
"2020-07-24",265.89267,266.32196,262.439026,265.258545,634065,258.162201
"2020-07-27",263.668304,268.956085,262.497559,268.468292,956530,261.286102
"2020-07-28",267.853668,268.653656,265.551208,266.341461,832915,259.216156
"2020-07-29",267.043915,271.131714,267.043915,269.658539,864383,262.444489
"2020-07-30",266.673157,268.42926,263.443909,267.16098,940848,260.013763
"2020-07-31",267.385376,274.487793,266.585358,274.478058,1528788,267.135071
"2020-08-03",276.068298,277.619507,273.170746,276.760986,1245580,269.356934
"2020-08-04",276.126831,276.975616,274.634155,275.960968,849725,268.578308
"2020-08-05",273.463409,278.019501,273.463409,276.517059,1098390,269.119476
"2020-08-06",259.512207,261.414642,250.117065,253.278046,2655878,246.502213
"2020-08-07",253.853653,255.434143,248.780487,250.156097,2283700,243.463776
"2020-08-10",253.170731,253.170731,248.829269,250.487808,2564140,243.786621
"2020-08-11",252.965851,254.20488,248.731705,248.780487,1666548,242.124954
"2020-08-12",249.648773,253.219513,249.648773,250.946335,1255010,244.232864
"2020-08-13",250.653656,256.448792,250.224396,255.931702,1075738,249.084885
"2020-08-14",255.16098,255.902435,250.399994,251.873169,1154458,245.134918
"2020-08-17",252.575607,254.292679,251.707321,253.697556,1011778,246.910492
"2020-08-18",255.141464,258.439026,252.83902,257.424377,1825730,250.537598
"2020-08-19",258.536591,259.697571,254.195129,255.609756,1040068,248.77153
"2020-08-20",253.921951,255.59024,251.804871,252.614639,787405,245.856552
"2020-08-21",251.814636,253.034149,249.229263,251.434143,1195253,244.707642
"2020-08-24",252.546341,253.248779,248.185364,248.731705,926498,242.077499
"2020-08-25",249.863419,251.053665,247.970734,249.551224,1123195,242.875092
"2020-08-26",248.468292,248.878052,243.951218,247.78537,1187565,241.156464
"2020-08-27",232.702438,242.20488,226.341461,240.556091,3947173,234.12059
"2020-08-28",241.102432,241.346344,235.024384,236.878052,1962363,230.540955
"2020-08-31",237.902435,238.517075,235.931702,236.848785,2382613,230.512466
"2020-09-01",238.019516,239.873169,232.907318,234.965851,1447813,228.679901
"2020-09-02",234.712189,240.263412,234.175613,240.185364,1333833,233.759781
"2020-09-03",240,240.663422,228.370728,229.326828,1814353,223.191757
"2020-09-04",231.092682,232.351227,226.760971,228.370728,1584343,222.26123
"2020-09-08",229.024384,229.79512,224.887802,228.351227,1540165,222.994827
"2020-09-09",230.399994,233.219513,228.868286,229.824387,1437870,224.433456
"2020-09-10",229.268295,229.970734,225.658539,228.468292,2127388,223.109146
"2020-09-11",229.102432,230.965851,228.058533,230.029266,1200890,224.633514
"2020-09-14",231.131714,232.663422,230.107315,230.146347,1154868,224.747849
"2020-09-15",230.243896,230.682922,220.536591,220.63414,2542513,215.458771
"2020-09-16",220.604874,224.263412,218.74147,221.492676,2494645,216.297165
"2020-09-17",220.829269,223.59024,218.936584,222.243896,1969128,217.030762
"2020-09-18",220.643906,228.234146,220.643906,226.243896,4119270,220.936951
"2020-09-21",225.746338,225.746338,219.863419,222.868286,1250193,217.640503
"2020-09-22",222.029266,222.526825,217.317078,218.341461,1927410,213.219849
"2020-09-23",220.40976,224.117065,219.034149,220.087799,1733993,214.925232
"2020-09-24",220.487808,220.946335,214.673172,215.765854,1558308,210.704666
"2020-09-25",214.682922,219.092682,214.146347,218.614639,1530018,213.486633
"2020-09-28",220.887802,222.351227,219.229263,219.512192,1072765,214.363144
"2020-09-29",220.585373,221.443909,219.443909,219.931702,866843,214.772797
"2020-09-30",221.765854,229.824387,221.268295,227.004883,2368775,221.680084
"2020-10-01",228.692688,231.0439,223.073166,225.219513,1244555,219.936569
"2020-10-02",226.243896,229.268295,225.36586,226.985367,1033303,221.661041
"2020-10-05",228.458542,232.692688,228.41951,232.331711,1000400,226.881943
"2020-10-06",232.195129,234.458542,229.297562,229.707321,1018953,224.319138
"2020-10-07",230.507324,231.931702,228.341461,229.951218,1063028,224.557281
"2020-10-08",230.019516,231.59024,228.721954,230.448776,1035558,225.043198
"2020-10-09",231.726822,232.321945,228.702438,231.521957,1612018,226.091202
"2020-10-12",232.273178,234.63414,230.936584,232.546341,886523,227.091553
"2020-10-13",231.639023,233.892685,229.658539,230.936584,908253,225.519531
"2020-10-14",231.004883,233.034149,227.424393,227.99025,944640,222.642319
"2020-10-15",226.507324,230.712189,225.853653,229.278046,1172600,223.899918
"2020-10-16",230.058533,233.336578,228.917068,231.209763,1081478,225.786316
"2020-10-19",231.726822,234.878052,230.712189,231.59024,1149640,226.157852
"2020-10-20",232.117065,232.673172,230.243896,230.497559,851263,225.09082
"2020-10-21",232.40976,233.170731,227.356094,230.63414,1203863,225.224197
"2020-10-22",229.873169,235.531708,229.736588,235.209763,1123503,229.692505
"2020-10-23",234.965851,236.702438,233.395126,234.41951,1010035,228.920776
"2020-10-26",233.453659,236.9561,232.751221,236.097565,999478,230.559464
"2020-10-27",237.034149,239.873169,236.497559,238.282928,1022950,232.693558
"2020-10-28",234.243896,235.473175,229.619507,230.136581,1086295,224.738327
"2020-10-29",230.087799,230.975616,225.239029,226.800003,1103310,221.47998
"2020-10-30",226.692688,228.253662,222.263412,225.492676,1448428,220.203339
"2020-11-02",227.912201,231.36586,226.380493,229.063416,1062720,223.690323
"2020-11-03",230.712189,233.843903,229.209763,231.921951,1159583,226.481796
"2020-11-04",234.702438,239.229263,230.887802,231.014633,1519563,225.595764
"2020-11-05",234.146347,238.507324,226.770737,228.926834,2226095,223.556946
"2020-11-06",229.453659,235.736588,228.995117,230.848785,1367043,225.433807
"2020-11-09",240.800003,241.78537,234.039017,234.448776,1977328,228.949356
"2020-11-10",235.16098,237.453659,233.775604,234.439026,2220253,228.939835
"2020-11-11",237.668289,237.970734,234.936584,237.229263,1597463,231.664642
"2020-11-12",236.975616,237.746338,233.297562,234.351227,1338548,228.85408
"2020-11-13",235.58049,238.263412,234.20488,236.887802,1920030,231.331161
"2020-11-16",240.399994,240.487808,235.863419,236.653656,1614580,231.102524
"2020-11-17",235.853653,239.239029,234.604874,236.497559,1157123,230.950089
"2020-11-18",236.273178,236.351227,227.619507,227.775604,1906705,222.432724
"2020-11-19",228.536591,229.746338,226.224396,227.219513,1475488,221.889664
"2020-11-20",226.946335,229.004883,225.424393,226.21463,1287298,220.908356
"2020-11-23",226.126831,227.717072,222.136581,222.907318,1533810,217.678604
"2020-11-24",223.414627,224.156097,221.336578,223.697556,2372260,218.450302
"2020-11-25",224.858536,225.356094,221.239029,221.921951,1668803,216.71637
"2020-11-27",222.731705,223.902435,220.63414,223.37561,870328,218.135941
"2020-11-30",224.468292,229.16098,224.360977,229.112198,4278965,223.737961
"2020-12-01",230.360977,232.907318,229.834152,232.829269,1723640,227.367844
"2020-12-02",232.829269,240.487808,232.614639,235.970734,2291183,230.435608
"2020-12-03",235.37561,235.443909,231.697556,232.692688,2406598,227.234451
"2020-12-04",232.673172,236.878052,232.575607,236.83902,2419923,231.283524
"2020-12-07",236.517075,237.639023,230.107315,230.682922,1330758,225.271835
"2020-12-08",229.37561,234.497559,228.887802,234.380493,1224670,228.882675
"2020-12-09",234.185364,234.907318,231.804871,234.107315,1348695,229.408478
"2020-12-10",234.565857,237.37561,234.175613,236.41951,1384980,231.674255
"2020-12-11",235.36586,237.014633,234.195129,236.770737,1305850,232.018448
"2020-12-14",237.521957,240.721954,234.029266,234.146347,1267515,229.446716
"2020-12-15",234.575607,239.600006,233.99025,238.175613,1293243,233.395142
"2020-12-16",238.975616,241.0439,236.341461,239.307312,1240968,234.504105
"2020-12-17",240.439026,243.541458,240.00975,242.63414,1201813,237.764175
"2020-12-18",242.390244,247.053665,240.975616,245.941467,2819468,241.005112
"2020-12-21",243.278046,244.292679,239.287811,241.814636,962065,236.961105
"2020-12-22",241.37561,242.41951,239.248779,239.902435,964628,235.08728
"2020-12-23",241.053665,241.199997,238.224396,238.292679,942488,233.509842
"2020-12-24",238.926834,243.170731,238.926834,241.941467,451000,237.085388
"2020-12-28",242.731705,243.775604,241.25853,242.097565,660613,237.238358
"2020-12-29",243.326828,244.63414,241.248779,242.292679,837425,237.429565
"2020-12-30",242.546341,243.25853,240.575607,240.663422,683983,235.832993
"2020-12-31",241.199997,244.663422,240.74147,244.117065,715040,239.217331
"2021-01-04",244.878052,245.570724,240.731705,244.585373,1148000,239.676224
"2021-01-05",245.121948,246.536591,241.385361,244.907318,1210423,239.991714
"2021-01-06",244.185364,248.40976,243.902435,247.453659,1509928,242.486938
"2021-01-07",248.253662,249.629272,245.082932,247.317078,1257983,242.353088
"2021-01-08",248.351227,250.40976,247.443909,248.83902,1493630,243.844498
"2021-01-11",249.395126,251.512192,248.780487,250.83902,891853,245.804352
"2021-01-12",255.356094,260.848785,253.268295,256.663422,2225275,251.511856
"2021-01-13",256.039032,259.697571,255.609756,256.595123,1119095,251.444931
"2021-01-14",256.204865,256.575623,251.141464,251.482925,1403738,246.435333
"2021-01-15",251.570724,255.678055,251.297562,255.356094,1498448,250.230743
"2021-01-19",257.541473,258.760986,252.975616,254.40976,1252038,249.303436
"2021-01-20",253.814636,257.151215,252.682922,256.878052,1218828,251.722168
"2021-01-21",255.892685,257.560974,253.824387,255.512192,1305953,250.383728
"2021-01-22",255.199997,255.960983,252.380493,252.439026,1629443,247.372238
"2021-01-25",252.195129,254.868286,251.063416,253.892685,864690,248.796753
"2021-01-26",253.658539,253.882935,249.239029,252.048782,1218315,246.989838
"2021-01-27",250,251.385361,244.390244,244.770737,1356178,239.85788
"2021-01-28",246.507324,252.673172,245.687805,249.960983,1623600,244.943924
"2021-01-29",250.195129,258.136597,248.702438,255.404877,2074395,250.278564
"2021-02-01",256.048767,258.556091,254.487808,254.995117,1143080,249.877029
"2021-02-02",256.039032,257.619507,251.804871,251.941467,1594388,246.884689
"2021-02-03",252.185364,257.200012,250.800003,254.565857,1694018,249.456406
"2021-02-04",253.570724,255.531708,246.331711,248.673172,2595198,243.681976
"2021-02-05",249.063416,251.892685,245.99025,248.468292,1558308,243.481201
"2021-02-08",248.809753,252.068298,248.809753,250.556091,1375038,245.5271
"2021-02-09",250.175613,250.965851,246.868286,247.970734,1269770,242.993637
"2021-02-10",249.980484,250.536591,245.931702,246.731705,965345,241.779449
"2021-02-11",248.058533,248.058533,244.604874,247.209763,1261570,242.247955
"2021-02-12",247.570724,250.751221,246.224396,250.068298,1165118,245.049088
"2021-02-16",250.185364,251.521957,248.848785,251.063416,1052470,246.024261
"2021-02-17",250.448776,251.034149,248.078049,250.556091,1123913,245.5271
"2021-02-18",250.448776,251.687805,247.804871,249.58049,1452733,244.571075
"2021-02-19",249.668289,249.814636,241.736588,241.882935,2115908,237.02803
"2021-02-22",242.078049,242.20488,235.951218,240.019516,1363660,235.202011
"2021-02-23",240.848785,242.790237,237.326828,241.658539,1754595,236.808151
"2021-02-24",241.36586,242.087799,238.712189,240.692688,1605560,235.861679
"2021-02-25",240.721954,244.097565,239.414627,241.121948,1254498,236.282333
"2021-02-26",240.107315,241.463409,235.131714,235.268295,1579423,230.546173
"2021-03-01",236.790237,240.136581,235.951218,240.058533,1349310,235.24025
"2021-03-02",241.092682,241.092682,237.434143,238.760971,850545,233.968735
"2021-03-03",238.039017,238.565857,235.346344,235.765854,1407633,231.033707
"2021-03-04",235.921951,237.931702,232.643906,235.004883,1429363,230.288025
"2021-03-05",235.941467,241.570724,235.073166,240.439026,1133240,235.613113
"2021-03-08",239.814636,243.551224,238.068298,240.097565,1001528,235.278503
"2021-03-09",241.073166,242.039017,236.790237,236.926834,1249168,232.957108
"2021-03-10",239.190247,239.190247,231.0439,232.087799,2164083,228.199142
"2021-03-11",232.195129,233.882935,230.273178,232.390244,2541693,228.496506
"2021-03-12",233.531708,234.263412,230.546341,232.429276,1231230,228.534882
"2021-03-15",232.575607,235.121948,232.117065,234.887802,1126475,230.952209
"2021-03-16",235.356094,235.629272,232.83902,233.707321,948945,229.791504
"2021-03-17",233.414627,235.092682,232.809753,233.521957,1191973,229.609238
"2021-03-18",232.800003,235.112198,232.224396,233.36586,883653,229.45578
"2021-03-19",234.087799,235.443909,232.068298,233.190247,2628203,229.283081
"2021-03-22",232.682922,235.79512,232.195129,235.726822,1031458,231.777161
"2021-03-23",236.058533,236.087799,233.619507,234.399994,930495,230.47258
"2021-03-24",233.492676,236.40976,232.946335,235.873169,989330,231.921051
"2021-03-25",237.707321,237.707321,232.74147,235.834152,1232665,231.882706
"2021-03-26",236.282928,239.356094,233.434143,239.141464,1151383,235.134598
"2021-03-29",239.678055,242.351227,237.600006,241.112198,918195,237.072327
"2021-03-30",240.126831,242.312195,238.165848,239.209763,923320,235.201752
"2021-03-31",239.190247,239.79512,236.429276,237.219513,1205708,233.244873
"2021-04-01",237.609756,238.614639,234.702438,235.687805,982053,231.738815
"2021-04-05",236.468292,241.092682,236.468292,239.112198,1254293,235.105835
"2021-04-06",239.16098,241.190247,237.443909,238.653656,934800,234.654968
"2021-04-07",238.721954,239.131714,236.439026,238.068298,791813,234.079422
"2021-04-08",238.068298,238.517075,236.517075,236.946335,1378728,232.976242
"2021-04-09",237.151215,241.941467,237.151215,241.882935,1256753,237.830139
"2021-04-12",241.326828,241.678055,239.882935,241.37561,1038530,237.331299
"2021-04-13",240.74147,245.326828,240.487808,244.585373,999170,240.487289
"2021-04-14",244.556091,244.878052,242.478043,243.726822,1131600,239.643127
"2021-04-15",244.702438,252.63414,244.653656,251.560974,2120520,247.346024
"2021-04-16",252.673172,255.619507,251.668289,254.575607,1951908,250.31015
"2021-04-19",253.941467,254.468292,251.004883,252.643906,1477743,248.410812
"2021-04-20",252.40976,254.243896,249.931702,250.185364,1533195,245.993454
"2021-04-21",251.268295,253.356094,250.897568,251.843903,1413168,247.624222
"2021-04-22",250.760971,252.175613,249.843903,250.858536,1000913,246.65535
"2021-04-23",251.268295,251.268295,245.980484,249.609756,1570300,245.42749
"2021-04-26",249.746338,252.058533,249.609756,251.170731,1093880,246.962296
"2021-04-27",250.868286,253.112198,247.102432,251.912201,1080043,247.69136
"2021-04-28",252.224396,253.560974,250.458542,251.229263,854850,247.019867
"2021-04-29",251.863419,251.970734,244.9561,245.287811,1208988,241.177963
"2021-04-30",244.234146,245.570724,241.317078,242.74147,1766383,238.674301
"2021-05-03",243.619507,247.570724,243.004883,246.946335,1003373,242.808701
"2021-05-04",246.546341,246.614639,243.239029,245.385361,1021618,241.27388
"2021-05-05",245.531708,245.853653,240.039017,243.678055,1759208,239.5952
"2021-05-06",236.087799,238.917068,232.390244,234.936584,2884145,231.000168
"2021-05-07",233.551224,238.975616,233.112198,233.551224,2612008,229.638031
"2021-05-10",233.58049,242.780487,233.287811,240.614639,1907013,236.583084
"2021-05-11",241.287811,242.565857,234.712189,235.317078,1621653,231.374313
"2021-05-12",234.185364,237.619507,234.185364,235.746338,1677823,231.796371
"2021-05-13",236.439026,239.931702,235.765854,238.126831,1837518,234.136963
"2021-05-14",238.712189,240.487808,236.243896,236.468292,1378420,232.506226
"2021-05-17",236.936584,239.307312,235.16098,235.209763,1003783,231.268784
"2021-05-18",234.029266,237.36586,233.36586,236.273178,1726305,232.314392
"2021-05-19",235.902435,236.965851,234.62439,236.721954,1085988,232.75563
"2021-05-20",235.746338,239.297562,235.560974,238.819519,1141030,234.818069
"2021-05-21",239.834152,243.0439,238.146347,238.517075,1047038,234.520691
"2021-05-24",239.053665,240.117065,236.390244,237.775604,1319483,233.791626
"2021-05-25",237.502441,238.487808,235.121948,236.575607,1626880,232.611755
"2021-05-26",234.439026,237.317078,233.521957,236.117065,1657733,232.160873
"2021-05-27",236.097565,237.0439,234.40976,235.063416,3317208,231.124878
"2021-05-28",237.053665,238.341461,235.726822,235.99025,1572555,232.036194
"2021-06-01",235.248779,235.658539,232.487808,232.653656,1963695,228.755493
"2021-06-02",232.614639,233.668289,232.341461,232.858536,1615195,228.95694
"2021-06-03",232.595123,235.356094,232.312195,234.848785,1437870,230.913834
"2021-06-04",236.097565,236.497559,234.234146,234.790237,906100,230.856262
"2021-06-07",235.317078,236.21463,233.463409,233.717072,1216983,229.801086
"2021-06-08",234.058533,235.78537,231.551224,233.414627,1538935,230.301651
"2021-06-09",233.717072,237.658539,233.717072,237.414627,1270180,234.248291
"2021-06-10",236.995117,239.541458,236.9561,239.424393,1143285,236.231262
"2021-06-11",240.712189,240.721954,236.156097,236.721954,1159583,233.56485
"2021-06-14",236.858536,237.560974,233.775604,236.800003,1282480,233.641876
"2021-06-15",236.848785,237.482925,234.995117,235.551224,2041698,232.40976
"2021-06-16",236.663422,236.721954,233.600006,234.41951,2042210,231.293137
"2021-06-17",233.951218,235.717072,233.951218,234.390244,1709598,231.264236
"2021-06-18",233.502441,236.692688,232.965851,234.673172,2625640,231.543411
"2021-06-21",234.848785,235.736588,233.658539,234.9561,1602588,231.822571
"2021-06-22",235.239029,235.239029,233.112198,234.458542,1465750,231.331635
"2021-06-23",233.941467,235.59024,233.024384,234.360977,1434180,231.235367
"2021-06-24",234.195129,235.560974,233.863419,233.970734,791813,230.850357
"2021-06-25",234.00975,235.912201,233.960983,235.317078,1754083,232.178726
"2021-06-28",235.882935,238.41951,235.726822,237.756104,1227950,234.58522
"2021-06-29",238.312195,241.619507,238.029266,240.868286,1799695,237.655899
"2021-06-30",241.014633,241.346344,235.531708,237.25853,1335985,234.094284
"2021-07-01",237.082932,241.014633,236.770737,240.751221,1243838,237.540405
"2021-07-02",241.551224,242.868286,240.468292,242.390244,1013930,239.157562
"2021-07-06",241.951218,243.414627,240.458542,243.268295,1078813,240.023895
"2021-07-07",243.902435,245.902435,241.736588,245.834152,1248143,242.555542
"2021-07-08",244.195129,245.560974,242.985367,244.878052,917785,241.612198
"2021-07-09",245.512192,245.892685,241.746338,243.707321,1353308,240.457077
"2021-07-12",244.263412,244.985367,243.063416,243.492676,914198,240.2453
"2021-07-13",242.653656,243.951218,241.921951,242.556091,537510,239.321198
"2021-07-14",242.312195,242.985367,239.073166,240,1421880,236.799194
"2021-07-15",238.380493,241.112198,237.073166,240.604874,983078,237.395996
"2021-07-16",241.229263,243.219513,240.048782,242.019516,1205810,238.791763
"2021-07-19",241.356094,243.063416,239.707321,241.219513,1252960,238.002441
"2021-07-20",242.526825,244.078049,240.468292,240.975616,971290,237.76181
"2021-07-21",241.37561,241.697556,238.048782,240.341461,1107308,237.136108
"2021-07-22",241.190247,243.600006,239.687805,243.268295,1378933,240.023895
"2021-07-23",243.902435,245.443909,243.502441,244.9561,1239123,241.689209
"2021-07-26",243.951218,245.229263,242.585373,243.346344,711863,240.100906
"2021-07-27",243.658539,250.20488,243.600006,248.478043,937363,245.164154
"2021-07-28",247.648773,248.780487,246.429276,247.297562,673835,243.999435
"2021-07-29",248.575607,249.843903,247.170731,249.082932,948433,245.761002
"2021-07-30",248.995117,250.556091,247.658539,249.512192,1021003,246.184525
"2021-08-02",250.107315,251.639023,248.439026,249.882935,771415,246.550323
"2021-08-03",250.575607,251.492676,248.770737,249.531708,622483,246.203766
"2021-08-04",248.692688,250.234146,247.395126,248.526825,1063848,245.212311
"2021-08-05",234.41951,239.063416,234.136581,237.151215,2559118,233.988388
"2021-08-06",236.390244,236.858536,234.00975,235.16098,1435410,232.024704
"2021-08-09",235.25853,236.390244,231.746338,232.721954,1526328,229.61821
"2021-08-10",232.614639,234.156097,231.78537,232.809753,1757158,229.704834
"2021-08-11",233.034149,236.390244,232.965851,234.790237,1193408,231.658905
"2021-08-12",235.668289,241.346344,235.239029,240.097565,3927698,236.895447
"2021-08-13",240.097565,241.356094,239.024384,240.770737,1175163,237.559662
"2021-08-16",241.921951,243.746338,240.682922,243.521957,1282993,240.27417
"2021-08-17",243.609756,247.941467,242.887802,247.297562,2447290,243.999435
"2021-08-18",247.482925,248.234146,242.20488,242.253662,1558923,239.022797
"2021-08-19",242.809753,244.097565,241.112198,241.834152,1320405,238.608871
"2021-08-20",241.463409,243.756104,240.175613,243.219513,1214010,239.975769
"2021-08-23",243.902435,244.829269,242.995117,243.756104,1318458,240.505203
"2021-08-24",243.560974,243.697556,241.629272,241.824387,916043,238.599258
"2021-08-25",240.751221,241.873169,238.604874,240.975616,1147590,237.76181
"2021-08-26",240.439026,242.370728,240.126831,241.492676,1163375,238.271957
"2021-08-27",242.136581,243.921951,241.414627,242.439026,1158148,239.205673
"2021-08-30",242.878052,245.882935,242.21463,244.360977,1022130,241.102005
"2021-08-31",244.263412,246.058533,243.287811,245.560974,1478153,242.285995
"2021-09-01",245.834152,246.917068,243.317078,246.312195,1199250,243.027191
"2021-09-02",247.395126,249.16098,246.468292,248.907318,1236150,245.587708
"2021-09-03",249.268295,252.478043,248.292679,251.541458,1416345,248.186722
"2021-09-07",251.541458,252.526825,248.692688,251.541458,1641025,248.186722
"2021-09-08",251.453659,257.560974,251.112198,256.468292,1910805,253.865097
"2021-09-09",255.102432,256.848785,253.531708,253.804871,1495065,251.228714
"2021-09-10",254.282928,254.975616,250.653656,252.029266,1238200,249.47113
"2021-09-13",253.141464,254.195129,251.941467,252.292679,1261468,249.731873
"2021-09-14",252.380493,254.897568,252.175613,254.097565,1330860,251.518433
"2021-09-15",254.819519,257.307312,253.404877,255.297562,1976918,252.706253
"2021-09-16",256.751221,257.05365,253.775604,256.263428,1194228,253.662308
"2021-09-17",255.609756,256.517059,254.058533,255.560974,2959893,252.96698
"2021-09-20",253.073166,255.521957,251.395126,252.946335,1428440,250.378876
"2021-09-21",253.658539,255.824387,252.673172,252.682922,1145950,250.118134
"2021-09-22",253.346344,254.019516,249.804871,250.536591,1633645,247.993591
"2021-09-23",251.102432,252.058533,247.278046,247.629272,1637130,245.115799
"2021-09-24",247.0439,248.399994,246.282928,247.004883,951508,244.497742
"2021-09-27",246.019516,246.41951,243.473175,245.297562,1131498,242.807755
"2021-09-28",244.575607,244.936584,241.697556,243.639023,1430080,241.166046
"2021-09-29",243.824387,246.273178,243.824387,245.648773,864178,243.155411
"2021-09-30",245.717072,246.614639,239.79512,239.824387,2096330,237.390121
"2021-10-01",240.41951,240.41951,235.0439,238.712189,1740348,236.28923
"2021-10-04",237.668289,241.25853,234.253662,234.682922,2299178,232.300842
"2021-10-05",234.682922,239.151215,234.682922,237.131714,1576553,234.724792
"2021-10-06",236.126831,239.356094,235.570724,239.268295,1272025,236.839676
"2021-10-07",240.156097,242.156097,235.229263,235.853653,1349105,233.459702
"2021-10-08",236.078049,236.673172,232.692688,232.760971,1601563,230.398392
"2021-10-11",232.585373,232.770737,229.921951,230.078049,905690,227.742706
"2021-10-12",230.078049,232.770737,229.395126,232.575607,1619910,230.21492
"2021-10-13",232.731705,235.775604,232.029266,233.99025,1201198,231.615204
"2021-10-14",234.887802,237.463409,234.887802,236.760971,1033508,234.357803
"2021-10-15",236.985367,238.029266,234.331711,235.278046,1313128,232.889938
"2021-10-18",234.965851,235.053665,232.370728,232.63414,893390,230.272858
"2021-10-19",233.658539,237.034149,233.326828,236.809753,857413,234.406097
"2021-10-20",238.507324,242.019516,237.37561,240.878052,1044885,238.43309
"2021-10-21",241.902435,242.41951,239.424393,240.458542,634578,238.017853
"2021-10-22",240.585373,241.326828,239.658539,241.063416,1067948,238.616577
"2021-10-25",241.092682,241.326828,239.209763,240.399994,830045,237.959885
"2021-10-26",240.780487,241.268295,239.863419,240.341461,1278483,237.901962
"2021-10-27",241.37561,241.560974,238.975616,239.024384,1208373,236.598236
"2021-10-28",239.024384,240.917068,232.292679,232.83902,1506955,230.475662
"2021-10-29",232.360977,234.468292,231.268295,233.746338,1882105,231.373764
"2021-11-01",234.078049,237.619507,233.453659,237.121948,987485,234.715118
"2021-11-02",237.112198,237.560974,235.336578,236.975616,1808715,234.570267
"2021-11-03",236.643906,241.317078,236.390244,241.004883,1661935,238.55864
"2021-11-04",243.902435,246.136581,236.478043,238.126831,2127695,235.709793
"2021-11-05",235.034149,239.356094,233.570724,237.765854,2040263,235.352478
"2021-11-08",236.565857,239.619507,235.453659,239.287811,1047448,236.858994
"2021-11-09",238.321945,239.434143,236.887802,237.717072,1576245,235.304199
"2021-11-10",238.048782,240.663422,235.492676,239.882935,1088448,237.448074
"2021-11-11",239.639023,240.712189,236.00975,239.024384,1313025,236.598236
"2021-11-12",239.209763,239.79512,236.848785,238.048782,1549390,235.632538
"2021-11-15",238.731705,239.024384,236.926834,237.736588,1393693,235.323517
"2021-11-16",238.263412,239.892685,237.248779,238.156097,1352078,235.73877
"2021-11-17",239.073166,244.00975,238.048782,243.765854,1941453,241.29158
"2021-11-18",244.526825,245.414627,241.268295,243.278046,1651378,240.808731
"2021-11-19",244.848785,246.253662,242.507324,242.546341,1337010,240.084457
"2021-11-22",241.336578,241.551224,238.253662,239.307312,1299495,236.878296
"2021-11-23",238.790237,241.112198,238.048782,240.565857,1287093,238.124084
"2021-11-24",240.263412,241.317078,238.468292,238.497559,934390,236.076767
"2021-11-26",239.053665,242.712189,238.360977,239.112198,1257778,236.685165
"2021-11-29",239.170731,240.858536,237.317078,237.668289,1302365,235.25592
"2021-11-30",238.9561,238.9561,230.243896,231.356094,4358813,229.007782
"2021-12-01",231.863419,237.59024,230.848785,235.775604,2424125,233.382431
"2021-12-02",235.882935,240.019516,235.073166,236.039017,1801848,233.643173
"2021-12-03",237.775604,238.292679,234.692688,238.165848,1307695,235.748413
"2021-12-06",239.326828,243.199997,238.819519,240.136581,1482355,237.699158
"2021-12-07",241.180481,246.517075,241.0439,244.253662,1787088,241.774445
"2021-12-08",236.682922,241.834152,234.234146,240.439026,1482560,237.99852
"2021-12-09",240.107315,241.131714,238.692688,239.131714,1214728,237.543045
"2021-12-10",239.687805,240.819519,237.931702,238.995117,975390,237.407364
"2021-12-13",239.502441,247.804871,239.209763,246.643906,1564765,245.005325
"2021-12-14",245.912201,246.165848,241.648773,241.892685,1226925,240.285675
"2021-12-15",243.346344,244.604874,240.878052,243.336578,1390105,241.719971
"2021-12-16",242.887802,251.180481,241.58049,250.936584,1833418,249.269485
"2021-12-17",250.712189,253.073166,248.985367,250.63414,2600118,248.969055
"2021-12-20",250.029266,250.029266,245.775604,246.253662,1709803,244.617676
"2021-12-21",247.668289,249.219513,244.019516,245.687805,1153740,244.055588
"2021-12-22",245.931702,246.126831,240,241.79512,1239328,240.188766
"2021-12-23",241.951218,243.502441,240.117065,242.83902,989023,241.225723
"2021-12-27",243.902435,245.287811,242.263412,245.190247,622073,243.561325
"2021-12-28",244.985367,245.229263,242.673172,244.107315,575845,242.485596
"2021-12-29",244.682922,247.326828,243.531708,246.62439,858438,244.985931
"2021-12-30",247.512192,248.829269,246.370728,247.082932,515985,245.441437
"2021-12-31",247.082932,248.575607,245.199997,245.346344,681113,243.716385
"2022-01-03",244.126831,247.385361,240.897568,247.034149,1022335,245.392975
"2022-01-04",246.360977,246.995117,243.141464,245.639023,931725,244.007126
"2022-01-05",245.609756,249.151215,245.36586,246.780487,948125,245.141006
"2022-01-06",245.541458,246.975616,243.560974,243.639023,787098,242.020401
"2022-01-07",244.165848,249.678055,243.521957,247.951218,1418703,246.303955
"2022-01-10",247.0439,253.541458,246.321945,252.848785,1720668,251.168991
"2022-01-11",252.975616,255.931702,250.809753,255.356094,1531555,253.659637
"2022-01-12",254.63414,258.048767,253.199997,255.521957,1455295,253.824402
"2022-01-13",254.74147,257.414642,252.965851,257.258545,1518845,255.549438
"2022-01-14",256.809753,257.26828,254.399994,256.21463,1539858,254.512466
"2022-01-18",255.287811,255.970734,251.746338,254.068298,1529403,252.380386
"2022-01-19",254.604874,258.497559,253.687805,257.434143,1711340,255.723877
"2022-01-20",258.331696,262,257.414642,257.531708,1647790,255.820801
"2022-01-21",259.67804,260.146332,256.458527,258.175598,1737170,256.460419
"2022-01-24",256.312195,257.404877,247.912201,253.619507,1803693,251.934586
"2022-01-25",252.41951,253.600006,247.190247,251.804871,1511670,250.132004
"2022-01-26",250.9561,253.512192,246.887802,247.697556,2019455,246.051971
"2022-01-27",248.165848,252.731705,244.585373,245.063416,1855763,243.435333
"2022-01-28",246.370728,249.59024,242.946335,249.492676,1515053,247.835175
"2022-01-31",248.282928,249.121948,245.853653,247.941467,1676183,246.294266
"2022-02-01",248.156097,249.287811,244.809753,247.053665,1157943,245.412369
"2022-02-02",246.926834,250.614639,245.902435,250.40976,1508288,248.746155
"2022-02-03",255.317078,265.717072,253.131714,263.980499,3136500,262.226746
"2022-02-04",260.487793,264.760986,259.092682,262.292694,1720770,260.550171
"2022-02-07",263.014648,265.57074,260.897552,262.702454,1632313,260.957184
"2022-02-08",262.390259,270.165863,262.087799,269.746338,1655785,267.954254
"2022-02-09",269.902435,273.775604,268.653656,270.478058,1906090,268.681152
"2022-02-10",268.907318,268.907318,263.843903,265.307312,1400868,263.544739
"2022-02-11",264.370728,268.253662,262.175598,263.395111,1132215,261.645233
"2022-02-14",262.536591,263.931702,260.156097,262.341461,1157020,260.598602
"2022-02-15",265.239014,266.175598,263.034149,264.536591,988100,262.779144
"2022-02-16",263.482941,265.317078,260.634155,264.517059,1102490,262.759766
"2022-02-17",261.873169,262.136597,258.380493,259.658539,1329630,257.933502
"2022-02-18",260.117065,261.600006,256.370728,257.600006,1347875,255.888626
"2022-02-22",258.487793,259.834137,256.64389,257.717072,1475283,256.004944
"2022-02-23",258.273163,263.190247,257.639038,262.10733,1590595,260.366028
"2022-02-24",259.082916,261.424377,257.258545,259.795135,1621345,258.069183
"2022-02-25",261.141449,266.575623,260.039032,266.068298,1357715,264.30069
"2022-02-28",261.990234,265.024384,261.687805,264.663422,1180185,262.905121
"2022-03-01",264.390259,266.780487,262.780487,264.770721,994763,263.011719
"2022-03-02",263.990234,267.707306,263.258545,265.873169,957145,264.106842
"2022-03-03",266.585358,268.165863,264.614624,266.185364,1054418,264.416962
"2022-03-04",264.770721,268.94635,262.595123,268.702454,1367453,266.917328
"2022-03-07",266.985352,269.746338,263.180481,269.317078,1829420,267.527893
"2022-03-08",267.443909,269.112183,258.292694,258.663422,1724153,256.944977
"2022-03-09",259.639038,261.756104,257.043915,258.380493,1262390,257.508942
"2022-03-10",256.009766,256.42926,250.312195,251.434143,2040263,250.586014
"2022-03-11",251.658539,252.673172,247.970734,248.302444,1337010,247.46489
"2022-03-14",249.668289,255.902435,248.399994,250.536591,1363455,249.691498
"2022-03-15",251.717072,252.848785,249.239029,252.380493,1189513,251.529175
"2022-03-16",253.512192,254.9561,251.004883,254.429276,1207348,253.571045
"2022-03-17",254.370728,257.317078,251.307312,255.892685,1223440,255.029526
"2022-03-18",255.034149,256.42926,251.453659,255.648773,2807578,254.786438
"2022-03-21",255.004883,261.560974,254.653656,261.073181,1240148,260.192535
"2022-03-22",262.292694,262.292694,256.995117,258.40976,1237585,257.538116
"2022-03-23",259.239014,259.951233,254.546341,255.58049,1188898,254.718384
"2022-03-24",256.175598,257.434143,255.551224,256.673157,669223,255.807358
"2022-03-25",258.156097,259.317078,256.341461,259.190247,740870,258.315948
"2022-03-28",259.453644,261.619507,257.112183,261.600006,704995,260.71759
"2022-03-29",263.365845,265.190247,261.746338,263.190247,1432028,262.30246
"2022-03-30",262.419525,265.541473,261.326843,263.014648,922808,262.127472
"2022-03-31",262.751221,263.658539,259.014648,259.512207,1199865,258.636841
"2022-04-01",260.549988,263.700012,258.140015,262.5,1354600,261.614563
"2022-04-04",261.779999,262.029999,256.950012,258.309998,1058400,257.43869
"2022-04-05",257.779999,266.600006,257.75,262.940002,1085100,262.05307
"2022-04-06",261.940002,270.970001,261.149994,270.649994,1593500,269.737061
"2022-04-07",269.649994,274.470001,268.829987,273.519989,1003300,272.597351
"2022-04-08",274.070007,277.290009,274.01001,275.420013,1397600,274.490967
"2022-04-11",275.609985,275.98999,268.559998,270.01001,1073400,269.099213
"2022-04-12",269.320007,271.440002,267.019989,269.179993,788100,268.272003
"2022-04-13",269.070007,271.440002,267.700012,270.940002,664600,270.026093
"2022-04-14",272.220001,274.130005,270.140015,271.679993,921700,270.76358
"2022-04-18",271.01001,272.170013,258.980011,260.100006,1004700,259.222656
"2022-04-19",259.420013,263.880005,259.220001,263.48999,983500,262.601196
"2022-04-20",264.309998,269.26001,263.670013,267.649994,1426400,266.747162
"2022-04-21",271,271.369995,264.529999,264.890015,1498000,263.99649
"2022-04-22",262.390015,262.660004,254.949997,255.039993,1153100,254.179703
"2022-04-25",254.699997,259.179993,252.649994,258.459991,924100,257.588165
"2022-04-26",257.899994,260,254,254.979996,1320700,254.119904
"2022-04-27",255.619995,256.899994,252.289993,252.949997,1392700,252.096756
"2022-04-28",254.210007,255.460007,250.360001,253.160004,959700,252.306061
"2022-04-29",251.860001,252.910004,246.309998,247.190002,1180000,246.356201
"2022-05-02",248.119995,250.789993,243.600006,245.580002,997300,244.751617
"2022-05-03",246.759995,250.740005,246.220001,248.830002,1058000,247.990662
"2022-05-04",248.009995,254.490005,246.320007,253.539993,1308900,252.684769
"2022-05-05",251.009995,260.880005,248.830002,259.640015,2461800,258.764221
"2022-05-06",256,259.359985,250.309998,257.970001,2098900,257.099823
"2022-05-09",255.009995,255.550003,251.559998,252.199997,1492100,251.349289
"2022-05-10",253.220001,256.179993,249,250.100006,1818800,249.256378
"2022-05-11",249.070007,255.740005,248.630005,248.990005,969100,248.150131
"2022-05-12",248.649994,250.259995,246.110001,249.720001,1168000,248.877655
"2022-05-13",251.029999,251.309998,245.929993,248.440002,1192100,247.601974
"2022-05-16",248.729996,254.419998,247.619995,252.889999,1126300,252.036972
"2022-05-17",254.139999,256.269989,252.619995,256.26001,1000600,255.395615
"2022-05-18",255.800003,256.429993,250.550003,251.100006,899200,250.253006
"2022-05-19",249.580002,252.5,246.070007,251.139999,1234600,250.292862
"2022-05-20",252.399994,253.470001,247.820007,252.300003,910900,251.448959
"2022-05-23",255.830002,257.790009,253.309998,257,858000,256.133087
"2022-05-24",256.910004,258.98999,255.490005,257.450012,964400,256.581604
"2022-05-25",259.540009,259.540009,248.309998,252.160004,1377800,251.309433
"2022-05-26",253.539993,255.529999,251.800003,252.5,787000,251.648285
"2022-05-27",254.039993,256.459991,252.539993,256.459991,704600,255.59491
"2022-05-31",253.419998,257.369995,250.929993,255.800003,1401000,254.937149
"2022-06-01",259.049988,259.049988,248.190002,251.399994,752000,250.551987
"2022-06-02",251.960007,253.949997,245.910004,253.679993,667900,252.824295
"2022-06-03",253.149994,255.309998,251.979996,252.339996,531000,251.488815
"2022-06-06",254.059998,259.130005,253.050003,258.720001,1167000,257.84729
"2022-06-07",258.140015,260,254.75,257.920013,954000,257.050018
"2022-06-08",256.899994,258.470001,254.679993,254.850006,898000,254.850006
"2022-06-09",253.779999,254.660004,248.029999,248.369995,721900,248.369995
"2022-06-10",245.919998,251.25,243.740005,249.330002,1372700,249.330002
"2022-06-13",244.800003,247.610001,240.580002,241.850006,1138200,241.850006
"2022-06-14",241.850006,242.139999,233.050003,236.320007,1186900,236.320007
"2022-06-15",237.300003,238.970001,233.699997,236.789993,912100,236.789993
"2022-06-16",234.009995,235.259995,231.460007,234.740005,1707100,234.740005
"2022-06-17",235.520004,240.770004,234.75,235.330002,2228500,235.330002
"2022-06-21",238,238,234.509995,236.529999,1344900,236.529999
"2022-06-22",235.639999,239.130005,234.029999,237.270004,1395900,237.270004
"2022-06-23",238.009995,242.759995,238.009995,242.539993,721400,242.539993
"2022-06-24",246.570007,251.259995,243.229996,250.919998,1555400,250.919998
"2022-06-27",250.690002,251.149994,247.410004,250.100006,765700,250.100006
"2022-06-28",250.529999,251.699997,244.389999,244.529999,873800,244.529999
"2022-06-29",244.580002,251.169998,243.660004,249.339996,1144700,249.339996
