"","CARR.Open","CARR.High","CARR.Low","CARR.Close","CARR.Volume","CARR.Adjusted"
"2020-07-01",22.32,23.01,21.870001,22.610001,9181500,22.073362
"2020-07-02",22.99,23.219999,22.57,22.91,5667400,22.36624
"2020-07-06",23.129999,24.290001,23.129999,24.209999,7145200,23.63538
"2020-07-07",23.76,24.18,23.724001,24.01,4671900,23.440132
"2020-07-08",23.879999,24.09,23.459999,23.99,4692100,23.420609
"2020-07-09",24,24.219999,23.76,23.91,5470300,23.342503
"2020-07-10",23.84,26.059999,23.719999,24.889999,12262400,24.299242
"2020-07-13",25.139999,25.209999,23.26,24.280001,8562400,23.703722
"2020-07-14",24.299999,25.16,24.23,25.15,7218300,24.553072
"2020-07-15",25.58,26.57,25.540001,26.450001,5798700,25.822218
"2020-07-16",26.120001,26.99,25.92,26.610001,4863400,25.97842
"2020-07-17",26.889999,26.9,26.33,26.48,3187100,25.851507
"2020-07-20",26.219999,26.540001,26.065001,26.41,2442800,25.783169
"2020-07-21",26.290001,26.799999,26.16,26.57,4952700,25.939369
"2020-07-22",26.34,27.059999,26.32,26.6,3503900,25.968658
"2020-07-23",26.66,27.629999,26.52,27.35,6245400,26.700859
"2020-07-24",27.25,27.26,26.540001,26.58,8293000,25.949135
"2020-07-27",26.5,26.780001,26.08,26.25,5734900,25.626965
"2020-07-28",26.07,26.4,25.85,26.07,9895100,25.451235
"2020-07-29",26.110001,27.719999,26.110001,27.18,12657500,26.534891
"2020-07-30",25.85,27.5,25.6,26.9,6742900,26.261538
"2020-07-31",26.85,27.355,26.629999,27.24,9261300,26.593466
"2020-08-03",27.24,27.889999,27.01,27.620001,4115900,26.964451
"2020-08-04",27.4,27.870001,27.16,27.77,4382200,27.110891
"2020-08-05",27.66,28.174999,27.66,28.110001,4177300,27.44282
"2020-08-06",28.02,28.540001,27.940001,28.27,3648700,27.599022
"2020-08-07",28.719999,29.030001,28.440001,28.969999,3477900,28.282406
"2020-08-10",29.02,29.57,28.91,29.459999,3516900,28.76078
"2020-08-11",30.16,30.32,29.440001,29.49,5113800,28.790064
"2020-08-12",29.870001,30.190001,29.620001,29.790001,3523800,29.082945
"2020-08-13",29.9,30.280001,29.370001,29.540001,3643800,28.838879
"2020-08-14",29.709999,30.048,29.280001,29.52,5008300,28.819353
"2020-08-17",29.5,30.184999,29.143,29.84,4588200,29.131756
"2020-08-18",29.719999,30.049999,29.370001,29.459999,3412900,28.76078
"2020-08-19",29.540001,29.690001,29.120001,29.25,3864000,28.555761
"2020-08-20",29.02,29.41,28.75,29.01,3166800,28.321459
"2020-08-21",29.16,29.82,29.084999,29.52,3112600,28.819353
"2020-08-24",29.76,30.440001,29.74,30.379999,3117300,29.658937
"2020-08-25",30.5,30.805,30.41,30.469999,3233600,29.746805
"2020-08-26",30.51,31.24,30.41,31.030001,3316600,30.293514
"2020-08-27",31.07,31.24,30.16,30.280001,4144700,29.561314
"2020-08-28",30.379999,30.475,29.955,30.299999,3689900,29.580839
"2020-08-31",30.190001,30.459999,29.83,29.85,3572700,29.14152
"2020-09-01",29.66,30.360001,29.17,30.299999,2778500,29.580839
"2020-09-02",30.219999,30.950001,29.84,30.780001,3445400,30.049448
"2020-09-03",30.5,30.690001,28.959999,29.33,5049400,28.633862
"2020-09-04",29.43,30.094999,28.83,30,4277400,29.287962
"2020-09-08",29.35,30.25,29.200001,29.57,4733300,28.868166
"2020-09-09",29.93,30.344999,29.549999,30.129999,4782000,29.414873
"2020-09-10",29.9,30.01,28.58,29.139999,9090300,28.44837
"2020-09-11",29.17,29.645,29.01,29.24,4547300,28.545998
"2020-09-14",29.4,29.440001,28.83,29.15,4299400,28.458136
"2020-09-15",29.48,30.040001,29.301001,29.690001,4052100,28.985317
"2020-09-16",30.16,30.535,29.525,30.25,4884300,29.532026
"2020-09-17",29.77,30.695,29.370001,30.66,4735100,29.932297
"2020-09-18",30.5,31.200001,30.5,30.790001,8061000,30.059208
"2020-09-21",30.290001,30.77,29.219999,29.51,4516900,28.809587
"2020-09-22",29.51,30.33,29.49,30.26,4719700,29.54179
"2020-09-23",30.4,30.42,29.1,29.110001,3348800,28.419083
"2020-09-24",29.120001,29.969999,28.790001,29.879999,4269300,29.170807
"2020-09-25",29.4,30.5,29.35,30.49,2845700,29.766331
"2020-09-28",30.75,31.559999,30.43,30.74,7027600,30.010393
"2020-09-29",30.51,30.690001,30.08,30.5,6851300,29.776091
"2020-09-30",30.610001,31.24,30.35,30.540001,5066600,29.815144
"2020-10-01",30.719999,31.059999,30.549999,30.77,3730300,30.039686
"2020-10-02",30.34,31.52,30.26,31.23,2483100,30.488766
"2020-10-05",31.639999,32.470001,31.639999,32.080002,5088600,31.31859
"2020-10-06",32.34,32.389999,31.450001,31.51,2439400,30.762121
"2020-10-07",31.93,32.290001,31.889999,32.119999,2209700,31.357641
"2020-10-08",32.310001,32.466999,31.629999,31.950001,2276400,31.191677
"2020-10-09",31.91,32.549999,31.709999,32.23,2700800,31.465029
"2020-10-12",32.59,33.16,32.200001,33,3302600,32.216759
"2020-10-13",33.299999,33.470001,32.040001,32.490002,3534500,31.718859
"2020-10-14",32.68,33.049999,32.43,32.509998,3443600,31.738388
"2020-10-15",32.09,32.66,32.009998,32.599998,2691600,31.82625
"2020-10-16",32.919998,33.27,32.419998,32.759998,3723000,31.982447
"2020-10-19",32.799999,33,32.07,32.32,5529300,31.552895
"2020-10-20",32.450001,33.799999,32.349998,33.23,3944800,32.441292
"2020-10-21",33.060001,33.439999,32.900002,33.349998,2909800,32.558449
"2020-10-22",33.150002,34.130001,33.150002,33.889999,3987700,33.085629
"2020-10-23",33.900002,34.959999,33.860001,34.93,5072400,34.100952
"2020-10-26",34.450001,34.450001,33.27,33.709999,5196800,32.909901
"2020-10-27",33.830002,33.939999,33.110001,33.599998,4032300,32.802517
"2020-10-28",32.93,33.759998,32.759998,33.299999,6485900,32.50964
"2020-10-29",33.790001,34.779999,32.93,34.07,11949600,33.341461
"2020-10-30",33.970001,34.880001,33,33.389999,6741100,32.675999
"2020-11-02",34,35.130001,33.869999,35.099998,6313000,34.349434
"2020-11-03",35.450001,37.009998,35.43,36.950001,6733100,36.159874
"2020-11-04",35.630001,37.400002,35.5,36.779999,9039400,35.993507
"2020-11-05",37.509998,38.299999,37.380001,38.200001,5778100,37.383144
"2020-11-06",38.529999,39.029999,38.145,38.950001,3443000,38.117111
"2020-11-09",40.740002,41.299999,38.68,38.799999,7186400,37.97031
"2020-11-10",39.029999,39.349998,37.580002,37.810001,5588400,37.001484
"2020-11-11",38.490002,38.73,37.889999,38.060001,4633000,37.246143
"2020-11-12",38,38.935001,37.785,37.959999,8192500,37.148277
"2020-11-13",38.23,38.610001,38.139999,38.290001,5498900,37.471222
"2020-11-16",39.240002,40.509998,38.48,40.5,6135600,39.633965
"2020-11-17",41.450001,41.48,39.860001,40.360001,6882700,39.49696
"2020-11-18",40.279999,40.59,39.369999,39.389999,5997200,38.547703
"2020-11-19",39,39.279999,38.509998,39.130001,8524800,38.293259
"2020-11-20",38.93,39.099998,38.209999,38.540001,4338700,37.715874
"2020-11-23",39,39.139999,38.400002,38.77,6231700,37.940964
"2020-11-24",38.939999,39.564999,38.43,39.369999,7022300,38.528126
"2020-11-25",39.060001,39.240002,38.52,38.610001,4280300,37.784382
"2020-11-27",38.689999,38.84,37.459999,37.810001,5923500,37.001484
"2020-11-30",37.75,38.48,37.41,38.07,21169200,37.25592
"2020-12-01",38.639999,38.939999,37.549999,37.599998,6595200,36.795975
"2020-12-02",37.189999,37.279999,36.560001,36.830002,5578000,36.042446
"2020-12-03",37.189999,37.77,36.599998,36.689999,5411900,35.905434
"2020-12-04",37.27,37.970001,37.055,37.700001,5534700,36.893845
"2020-12-07",37.549999,37.700001,36.709999,36.84,3825100,36.052231
"2020-12-08",36.639999,37.57,36.610001,37.299999,4022800,36.502388
"2020-12-09",37.41,37.990002,37.389999,37.84,4134800,37.030838
"2020-12-10",37.669998,38.470001,37.266998,37.540001,4095700,36.737259
"2020-12-11",37.16,37.389999,36.759998,37.16,3102600,36.365383
"2020-12-14",37.5,37.549999,36.52,36.619999,6301200,35.836933
"2020-12-15",37.099998,37.91,36.52,37.669998,4832100,36.864479
"2020-12-16",37.73,38.02,37.34,38,3990600,37.187428
"2020-12-17",38.41,38.865002,38.25,38.700001,4095200,37.872456
"2020-12-18",38.75,38.860001,37.610001,38.790001,9683100,37.960529
"2020-12-21",38,38.720001,37.931,38.52,2835900,37.696301
"2020-12-22",38.290001,38.52,37.860001,38.029999,3303800,37.333088
"2020-12-23",38.119999,38.400002,37.799999,38.16,2367600,37.460701
"2020-12-24",37.91,38.240002,37.849998,37.889999,1395100,37.195648
"2020-12-28",38.110001,39.43,37.75,37.759998,3209700,37.068027
"2020-12-29",38,38.18,36.68,37.169998,3748700,36.488846
"2020-12-30",37.310001,37.799999,37.25,37.73,3051000,37.038582
"2020-12-31",37.619999,37.810001,36.919998,37.720001,2096800,37.028763
"2021-01-04",38.349998,38.380001,36.98,37.029999,4584200,36.351402
"2021-01-05",37,38.18,36.799999,37.939999,3701500,37.244728
"2021-01-06",38.32,40.259998,38.32,40.049999,6211500,39.316063
"2021-01-07",40.41,41.189999,40,41.09,7771900,40.337006
"2021-01-08",41.200001,41.349998,40,40.689999,6964100,39.944336
"2021-01-11",39.880001,41.842999,39.849998,41.57,3761400,40.808208
"2021-01-12",41.560001,41.939999,41.049999,41.740002,4436100,40.975094
"2021-01-13",41.419998,41.889999,40.830002,41.380001,3948600,40.621696
"2021-01-14",41.400002,41.59,40.73,40.799999,3748900,40.052319
"2021-01-15",40.599998,40.599998,39.570999,40.380001,4501100,39.640022
"2021-01-19",40.700001,40.98,40.200001,40.369999,3383000,39.630199
"2021-01-20",40.41,40.41,39.689999,40.040001,4654700,39.306248
"2021-01-21",40.400002,40.400002,39.209999,39.740002,4647200,39.011745
"2021-01-22",39.200001,40.110001,39.099998,39.509998,2585000,38.785957
"2021-01-25",38.970001,39.056999,37.200001,38.889999,9176800,38.177322
"2021-01-26",38.889999,39.049999,37.299999,37.32,4945100,36.636093
"2021-01-27",36.599998,36.779999,34.209999,36.23,8138300,35.566067
"2021-01-28",36.810001,38.450001,36.421001,38.200001,8108500,37.499966
"2021-01-29",37.889999,38.799999,37.77,38.5,16346400,37.794472
"2021-02-01",39.200001,39.450001,38.549999,38.66,4731700,37.951534
"2021-02-02",39.119999,39.400002,38.43,38.48,2902000,37.774837
"2021-02-03",38.299999,38.66,37.956001,38.150002,2987900,37.450882
"2021-02-04",38.369999,38.529999,37.860001,38.330002,3439000,37.627586
"2021-02-05",38,39.990002,38,39.150002,4409600,38.43256
"2021-02-08",39.529999,40.119999,39.34,39.700001,4544800,38.972481
"2021-02-09",37.099998,38.279999,36.950001,37.25,12941200,36.567371
"2021-02-10",37.66,37.950001,36.799999,37.189999,7926400,36.508472
"2021-02-11",37.299999,37.474998,36.630001,37.200001,11064800,36.518288
"2021-02-12",37,37.400002,36.759998,37.279999,5472800,36.596828
"2021-02-16",37.459999,37.525002,36.775002,37.41,4174600,36.724442
"2021-02-17",37.23,37.368999,36.700001,37.240002,3844400,36.55756
"2021-02-18",37.09,37.23,36.362,36.650002,3961800,35.978374
"2021-02-19",37,37.759998,36.959999,37.639999,3225600,36.950226
"2021-02-22",37.41,37.869999,37.27,37.299999,3017600,36.616459
"2021-02-23",36.830002,37.189999,35.82,37.099998,4340100,36.420124
"2021-02-24",36.860001,37.509998,36.695,37.450001,5952400,36.763714
"2021-02-25",37.07,37.27,35.939999,36.139999,4449900,35.477718
"2021-02-26",36.389999,37,36.02,36.529999,5375200,35.860569
"2021-03-01",36.759998,37.564999,36.720001,37.200001,4156800,36.518288
"2021-03-02",37.400002,37.419998,36.68,37.139999,4431900,36.459389
"2021-03-03",36.849998,37.577999,36.630001,37.119999,7100100,36.439758
"2021-03-04",36.950001,37.209999,35.060001,35.52,6859200,34.869083
"2021-03-05",36.119999,37.040001,34.75,36.939999,7047300,36.263054
"2021-03-08",36.790001,37.790001,36.299999,37.060001,4659800,36.380859
"2021-03-09",37.349998,37.709999,37.099998,37.119999,3643400,36.439758
"2021-03-10",37.610001,39.099998,37.48,38.779999,6976500,38.069336
"2021-03-11",39.27,39.57,38.610001,39.23,5156100,38.511093
"2021-03-12",39,39.619999,38.919998,39.59,2546200,38.864498
"2021-03-15",39.220001,39.740002,39.099998,39.599998,3634300,38.87431
"2021-03-16",39.619999,39.650002,38.310001,38.57,5740800,37.863186
"2021-03-17",38.810001,39.360001,38.43,39.349998,4066000,38.628891
"2021-03-18",39.400002,41.599998,39.400002,41,10045200,40.248653
"2021-03-19",41.23,41.310001,40.581001,40.91,11066100,40.160305
"2021-03-22",40.619999,41.689999,39.849998,41.41,10396900,40.651138
"2021-03-23",40.919998,41.490002,40.055,40.290001,11248200,39.551666
"2021-03-24",40.5,41.23,40.130001,40.139999,8587400,39.404411
"2021-03-25",40.189999,40.474998,39.580002,40.349998,8091900,39.610565
"2021-03-26",40.82,41.139999,39.830002,41.09,5120300,40.337006
"2021-03-29",42.209999,42.98,41.952,42.34,7698800,41.564102
"2021-03-30",42.07,42.919998,41.790001,42.360001,3982200,41.583733
"2021-03-31",43,43.48,42.029999,42.220001,7297800,41.446301
"2021-04-01",42.23,42.400002,41.860001,42.02,4759900,41.249966
"2021-04-05",42.389999,42.919998,42.330002,42.580002,5731800,41.799706
"2021-04-06",42.639999,43.299999,42.299999,42.810001,6692600,42.025486
"2021-04-07",42.560001,42.84,42.139999,42.689999,6117300,41.907681
"2021-04-08",42.580002,43,42.049999,42.529999,5212400,41.75061
"2021-04-09",42.849998,43.060001,42.259998,42.75,5578100,41.966587
"2021-04-12",42.799999,43.005001,42.48,42.599998,5868600,41.819328
"2021-04-13",42.490002,43.369999,42.240002,43.16,7778500,42.369068
"2021-04-14",43.130001,43.779999,43.060001,43.130001,4651100,42.339622
"2021-04-15",43.200001,43.77,42.700001,43.59,7090900,42.791191
"2021-04-16",43.880001,44.279999,43.439999,43.880001,5575700,43.075882
"2021-04-19",44,44.645,43.669998,43.869999,10654900,43.066063
"2021-04-20",43.580002,43.669998,42.009998,42.52,6545400,41.740799
"2021-04-21",42.5,43.125,42.200001,43.060001,4288100,42.270908
"2021-04-22",43.240002,43.709999,42.849998,43.09,6473400,42.300358
"2021-04-23",43.360001,44.560001,43.07,44.470001,6615300,43.655067
"2021-04-26",44.82,45.16,44.02,44.099998,4019400,43.291843
"2021-04-27",44.150002,45.040001,44,44.959999,6740600,44.136082
"2021-04-28",44.939999,45.32,44.470001,44.490002,6560200,43.674702
"2021-04-29",43.970001,44.880001,43.389999,44.150002,9151900,43.340931
"2021-04-30",43.68,43.849998,42.990002,43.580002,7279100,42.897976
"2021-05-03",44.119999,44.189999,43.18,43.459999,3928800,42.77985
"2021-05-04",43.16,43.360001,42.779999,43.130001,9900900,42.455013
"2021-05-05",43.470001,43.779999,43.150002,43.27,6946100,42.592827
"2021-05-06",43.34,44.189999,43.16,44.16,6237900,43.468895
"2021-05-07",44.119999,45.264999,43.869999,44.84,5266100,44.138252
"2021-05-10",44.889999,45.650002,44.889999,45.41,5929800,44.699333
"2021-05-11",45.119999,45.119999,44.009998,44.5,8457300,43.803577
"2021-05-12",44.240002,44.439999,42.389999,42.43,7542300,41.765972
"2021-05-13",42.68,43.639999,42.509998,43.25,5084200,42.573135
"2021-05-14",43.610001,44.080002,43.450001,43.639999,4398200,42.957035
"2021-05-17",43.52,44.330002,43.459999,44.169998,6998700,43.478737
"2021-05-18",44.275002,44.48,43.540001,43.66,6355800,42.976723
"2021-05-19",43.240002,43.630001,42.700001,43.439999,5250300,42.760162
"2021-05-20",43.560001,44.07,43.209999,43.889999,4046000,43.203121
"2021-05-21",44.169998,44.720001,43.869999,43.880001,5536500,43.193283
"2021-05-24",44.080002,44.68,43.93,44.380001,5125600,43.685455
"2021-05-25",44.650002,45.18,44.509998,44.720001,7026800,44.020138
"2021-05-26",44.779999,45.029999,44.525002,44.720001,6345000,44.020138
"2021-05-27",45.07,45.48,44.84,45.310001,12343700,44.600899
"2021-05-28",45.695,46.130001,45.41,45.93,4197100,45.211201
"2021-06-01",46.610001,47.09,46.580002,46.849998,6199300,46.116798
"2021-06-02",46.759998,46.935001,45.91,46.049999,5729600,45.329319
"2021-06-03",45.73,46.18,45.139999,45.73,4230800,45.014328
"2021-06-04",45.950001,46.049999,45.759998,45.889999,4016900,45.171818
"2021-06-07",46.18,46.369999,45.869999,46.060001,2982400,45.339165
"2021-06-08",46.200001,46.459999,45.790001,46.360001,3174000,45.634468
"2021-06-09",46.299999,46.529999,45.990002,46.189999,4567000,45.467129
"2021-06-10",46.41,46.630001,45.779999,45.860001,5163900,45.142296
"2021-06-11",46.169998,46.279999,45.66,46.099998,4065700,45.378532
"2021-06-14",46.099998,46.290001,45.761002,46.209999,3427700,45.486813
"2021-06-15",46.290001,46.599998,45.82,46.529999,3962900,45.801804
"2021-06-16",46.73,47.132999,46.474998,46.91,6778600,46.175861
"2021-06-17",46.900002,46.91,45.110001,46.130001,6200000,45.408066
"2021-06-18",45.43,45.860001,45.02,45.049999,7343600,44.344963
"2021-06-21",45.400002,46.610001,45.299999,46.5,4158800,45.772274
"2021-06-22",46.599998,46.700001,46.009998,46.110001,4046100,45.388378
"2021-06-23",46.5,46.639999,45.689999,46.099998,3100600,45.496937
"2021-06-24",46.25,46.389999,45.950001,46.220001,3007300,45.615372
"2021-06-25",46.330002,47.169998,46.240002,47.060001,8003600,46.444382
"2021-06-28",47.060001,47.939999,46.674999,47.880001,6283700,47.253654
"2021-06-29",48.029999,49.099998,48.029999,48.709999,9447900,48.0728
"2021-06-30",48.459999,48.990002,48.25,48.599998,4915700,47.964233
"2021-07-01",48.619999,48.889999,48.310001,48.75,3466300,48.11227
"2021-07-02",48.799999,48.900002,48.439999,48.52,2702900,47.885281
"2021-07-06",48.610001,48.625,47.619999,48.169998,4026400,47.53986
"2021-07-07",48.200001,49.055,48.02,48.830002,4355900,48.191227
"2021-07-08",47.810001,48.419998,47.529999,48.049999,3482300,47.421429
"2021-07-09",48.549999,48.865002,48.209999,48.27,3932600,47.63855
"2021-07-12",48.5,49.27,47.98,49.209999,7450400,48.566254
"2021-07-13",49.09,49.615002,49.02,49.23,5600100,48.585995
"2021-07-14",49.400002,49.720001,48.900002,49,3919800,48.359001
"2021-07-15",48.73,49.674999,48.509998,49.560001,3872700,48.911678
"2021-07-16",49.560001,49.810001,49,49.080002,3331200,48.437958
"2021-07-19",48.310001,48.5,47.650002,48.25,3722800,47.618816
"2021-07-20",48.48,50.064999,48.317001,49.900002,5358600,49.247227
"2021-07-21",50.02,50.59,49.939999,50.450001,3963100,49.790035
"2021-07-22",50.5,51.014999,50.23,50.810001,6025400,50.145329
"2021-07-23",50.959999,51.959999,50.939999,51.900002,4494200,51.221066
"2021-07-26",51.799999,52.088001,51.259998,51.509998,2856100,50.83617
"2021-07-27",51.5,52.41,51.240002,51.959999,4072200,51.280277
"2021-07-28",51.869999,52.299999,51.529999,51.57,5156200,50.895386
"2021-07-29",53.075001,54.080002,52.18,53.939999,6166600,53.234375
"2021-07-30",54.220001,55.509998,53.959999,55.25,6506800,54.527245
"2021-08-02",55.299999,56.029999,54.481998,54.610001,4010800,53.895615
"2021-08-03",54.990002,57.25,54.98,57.18,4994000,56.431995
"2021-08-04",56.599998,57.900002,56.540001,57.040001,4619100,56.293831
"2021-08-05",57.360001,57.535,55.91,56.32,4508600,55.583248
"2021-08-06",56.52,56.82,55.855,56.380001,4686200,55.64246
"2021-08-09",56.099998,56.528999,55.955002,56.240002,2423800,55.504292
"2021-08-10",56.400002,57.5,56.259998,56.610001,3763200,55.869453
"2021-08-11",56.779999,57.027,56.080002,56.889999,3039200,56.14579
"2021-08-12",56.34,56.57,55.669998,55.98,3510400,55.247692
"2021-08-13",55.939999,56.25,55.740002,56.150002,2316300,55.415474
"2021-08-16",55.990002,56.830002,55.619999,56.599998,2081400,55.859577
"2021-08-17",55.950001,56.139999,54.369999,55.150002,3597000,54.428555
"2021-08-18",55.150002,55.990002,55.040001,55.169998,2632300,54.448284
"2021-08-19",54.299999,55.98,54.23,55.25,4225200,54.527245
"2021-08-20",55.470001,55.599998,54.709999,55.369999,2621200,54.645672
"2021-08-23",55.860001,56.165001,55.349998,55.880001,3493300,55.149006
"2021-08-24",55.779999,56.685001,55.740002,56.610001,2546500,55.869453
"2021-08-25",56.459999,58.040001,56.43,57.740002,3900200,56.984673
"2021-08-26",57.650002,57.974998,57.154999,57.380001,3601000,56.629379
"2021-08-27",57.610001,58.419998,57.610001,58.32,3722600,57.557087
"2021-08-30",58.52,58.889999,58.02,58.029999,3709300,57.270874
"2021-08-31",58,58.009998,56.939999,57.599998,4837900,56.8465
"2021-09-01",57.900002,57.970001,56.740002,57.889999,3007500,57.13271
"2021-09-02",58.150002,58.290001,57.470001,57.919998,3333300,57.162312
"2021-09-03",57.68,57.860001,57.25,57.41,3048700,56.658985
"2021-09-07",56.32,56.990002,56.091,56.220001,4744800,55.484554
"2021-09-08",56.080002,56.950001,55.790001,56.66,2650800,55.918797
"2021-09-09",56.810001,57.395,56.41,56.73,2202000,55.987885
"2021-09-10",57.16,57.23,56.400002,56.43,2345300,55.691807
"2021-09-13",56.939999,57.080002,55.18,55.740002,4235500,55.010838
"2021-09-14",56,56.035,54.59,54.98,6193900,54.260777
"2021-09-15",55.060001,55.900002,54.830002,55.759998,3148900,55.030571
"2021-09-16",55.669998,55.860001,54.689999,55.07,6828000,54.349598
"2021-09-17",54.77,55.080002,54.57,55,15945100,54.280514
"2021-09-20",53.950001,54.599998,53.060001,53.82,6439800,53.115952
"2021-09-21",54.110001,54.16,51.669998,51.689999,8805600,51.013809
"2021-09-22",52.169998,53.119999,52.09,52.59,7154300,51.902039
"2021-09-23",52.98,54.174999,52.98,53.490002,4273700,52.790268
"2021-09-24",52.889999,53.459999,52.810001,53.119999,2135700,52.425102
"2021-09-27",53.09,53.139999,52.275002,52.369999,2297800,51.684914
"2021-09-28",51.77,52.18,51.310001,51.959999,5489800,51.280277
"2021-09-29",52.27,53.07,52.200001,52.849998,4735200,52.158634
"2021-09-30",53.139999,53.68,51.73,51.759998,7036700,51.082897
"2021-10-01",51.860001,52.75,51.125,52.459999,3618500,51.773743
"2021-10-04",52.060001,52.52,51.560001,52.330002,3638300,51.645443
"2021-10-05",52.619999,53.424999,52.290001,52.82,3524600,52.129032
"2021-10-06",52.130001,52.709999,51.610001,52.610001,2767500,51.92178
"2021-10-07",53.240002,53.98,53.240002,53.349998,2225300,52.6521
"2021-10-08",52.939999,53.209999,51.459999,51.5,3108600,50.826298
"2021-10-11",51.360001,51.950001,51.101002,51.25,2566700,50.579571
"2021-10-12",51.285,51.439999,50.080002,50.299999,6017700,49.641998
"2021-10-13",50.669998,50.970001,49.93,50.73,4474800,50.066372
"2021-10-14",51.369999,53.049999,51.290001,53.009998,5567200,52.316544
"2021-10-15",53.57,53.919998,53.060001,53.43,3602200,52.731052
"2021-10-18",52.98,54.02,52.91,53.98,2449600,53.273857
"2021-10-19",54.400002,54.490002,53.389999,53.970001,3360600,53.263988
"2021-10-20",54.220001,54.580002,53.720001,54.02,3884100,53.313332
"2021-10-21",53.790001,54.34,53.529999,54.32,2397900,53.609406
"2021-10-22",54.77,55.099998,54.389999,54.66,3510600,53.944962
"2021-10-25",54.119999,55.34,53.349998,54.599998,3312900,53.885746
"2021-10-26",54.700001,54.880001,53.68,53.73,2314700,53.02713
"2021-10-27",53.66,54.299999,53.09,53.16,2673400,52.464581
"2021-10-28",53.209999,54.505001,52.630001,54.419998,3441300,53.829613
"2021-10-29",53.560001,54.080002,52.040001,52.23,3955800,51.663372
"2021-11-01",52.349998,52.669998,51.860001,52.169998,2945900,51.604019
"2021-11-02",52.490002,53.029999,51.869999,52.400002,4231000,51.831532
"2021-11-03",51.950001,52.5,51.18,51.970001,3105700,51.406197
"2021-11-04",51.919998,53.02,51.919998,52.970001,2486300,52.395344
"2021-11-05",53.209999,53.445,52.419998,52.790001,2466600,52.217297
"2021-11-08",52.98,53.419998,52.369999,53.34,2144800,52.761326
"2021-11-09",53.57,54.860001,53.5,54.810001,3504300,54.215382
"2021-11-10",54.939999,55.060001,54.41,54.630001,2901800,54.037338
"2021-11-11",54.790001,54.880001,53.91,54.5,2315300,53.908745
"2021-11-12",54.900002,56.16,54.68,56.119999,2842500,55.511166
"2021-11-15",56.060001,56.330002,55.5,55.700001,2956800,55.09573
"2021-11-16",55.52,56.630001,55.5,56.259998,3179900,55.649654
"2021-11-17",56.5,56.540001,55.919998,56.119999,2507500,55.511166
"2021-11-18",56.549999,57.060001,56.200001,57.02,3626600,56.401405
"2021-11-19",56.965,57.970001,56.93,57.150002,5009400,56.529999
"2021-11-22",57.369999,57.599998,56.400002,56.41,4717900,55.798023
"2021-11-23",56.299999,56.610001,54.52,54.869999,5108900,54.274731
"2021-11-24",54.580002,55.830002,54.349998,55.689999,3618700,55.085831
"2021-11-26",54.82,55.66,54.619999,55.380001,2927600,54.779198
"2021-11-29",56.16,56.200001,55.02,55.98,3250400,55.372688
"2021-11-30",55.869999,56.040001,53.66,54.119999,10100100,53.532867
"2021-12-01",54.790001,55.900002,53.549999,53.599998,4355300,53.018509
"2021-12-02",53.950001,55.700001,53.950001,55.52,2869100,54.917679
"2021-12-03",55.860001,56.174999,54.970001,56.119999,3031200,55.511166
"2021-12-06",56.369999,56.505001,55.650002,55.849998,3194500,55.244095
"2021-12-07",56.139999,57.689999,55.77,56.639999,3700200,56.025524
"2021-12-08",56.599998,56.674999,55.970001,56.439999,2563200,55.827698
"2021-12-09",56.720001,57.025002,55.919998,55.990002,2174700,55.382584
"2021-12-10",55.060001,55.84,54.549999,55.509998,2536000,54.907787
"2021-12-13",55.82,56.040001,54.889999,54.93,4287700,54.334084
"2021-12-14",54.16,54.779999,52.902,53.549999,3663500,52.969048
"2021-12-15",53.639999,53.669998,52.084999,53.549999,5989600,52.969048
"2021-12-16",54.02,54.669998,53.34,53.869999,3802500,53.28558
"2021-12-17",53.549999,53.689999,51.98,52.259998,7534500,51.693047
"2021-12-20",51.900002,52.040001,50.360001,50.91,3492000,50.357693
"2021-12-21",51.505001,52.16,51.16,52.130001,2162000,51.564457
"2021-12-22",51.869999,52.650002,51.650002,52.52,2282800,52.10014
"2021-12-23",52.540001,53.185001,52.509998,52.82,1938300,52.397739
"2021-12-27",53.279999,53.59,52.93,53.529999,1698700,53.102062
"2021-12-28",53.450001,53.77,53.240002,53.48,2485500,53.052464
"2021-12-29",53.439999,53.865002,53.139999,53.740002,3183200,53.310387
"2021-12-30",53.825001,54.25,53.5,53.549999,1426200,53.121902
"2021-12-31",53.540001,54.560001,53.360001,54.240002,2228900,53.806389
"2022-01-03",53.150002,53.599998,52.220001,52.52,4505100,52.10014
"2022-01-04",54.240002,54.639999,53.209999,53.82,5460300,53.389748
"2022-01-05",53.599998,54.419998,52.310001,52.369999,3484300,51.951336
"2022-01-06",52.450001,53.509998,52.450001,53.5,3089800,53.072304
"2022-01-07",53.330002,53.830002,51.830002,51.84,4117000,51.425579
"2022-01-10",51.23,52.5,50.34,52.32,3902300,51.901737
"2022-01-11",52.52,52.705002,51.889999,52.540001,2715200,52.11998
"2022-01-12",53.189999,53.41,52.459999,53,2308300,52.576305
"2022-01-13",53,53.32,52.07,52.200001,2669100,51.7827
"2022-01-14",51.48,51.48,50.16,51.099998,3246700,50.69149
"2022-01-18",50.200001,50.369999,49.209999,49.650002,4107400,49.253082
"2022-01-19",49.860001,50.290001,48.73,48.790001,3717300,48.399956
"2022-01-20",49.189999,50.189999,47.994999,48.029999,3871600,47.646034
"2022-01-21",48.259998,48.860001,47.48,47.799999,3876000,47.41787
"2022-01-24",45.610001,47.810001,45.310001,47.66,8927300,47.278992
"2022-01-25",47.060001,47.560001,46.110001,47.209999,4603400,46.832588
"2022-01-26",47.82,48.310001,46.080002,46.669998,4684400,46.296906
"2022-01-27",46.98,47.509998,45.939999,46.09,4483600,45.721542
"2022-01-28",46.200001,46.709999,45.470001,46.450001,10734800,46.078667
"2022-01-31",46.439999,47.740002,46.279999,47.68,8647500,47.298832
"2022-02-01",48,48.07,46.380001,47.049999,4645400,46.673866
"2022-02-02",47.25,48.150002,47.189999,47.509998,5972800,47.130192
"2022-02-03",46.810001,47.34,46.169998,46.240002,6651800,45.870346
"2022-02-04",45.970001,46.48,44.84,45.84,6896800,45.473541
"2022-02-07",45.650002,46.119999,45.349998,45.720001,7355300,45.354504
"2022-02-08",45.540001,46.950001,45.25,46.060001,7924900,45.691784
"2022-02-09",46.98,48.080002,46.84,47.98,6087400,47.596436
"2022-02-10",47.220001,48.189999,46.755001,47.150002,5086100,46.773067
"2022-02-11",47.040001,47.220001,44.990002,45.5,5862900,45.136261
"2022-02-14",45.52,45.779999,44.290001,44.790001,6410400,44.431934
"2022-02-15",45.560001,45.860001,45.34,45.75,4648300,45.384262
"2022-02-16",45.459999,45.91,45,45.650002,4210100,45.285061
"2022-02-17",45.16,45.5,44.459999,44.580002,4202400,44.223614
"2022-02-18",44.740002,44.880001,43.959999,44.080002,4938700,43.727615
"2022-02-22",43.990002,45.650002,43.709999,45.290001,7327500,44.92794
"2022-02-23",45.759998,45.790001,43.75,43.84,4994500,43.489529
"2022-02-24",42.75,44.82,42.450001,44.709999,5037300,44.352573
"2022-02-25",44.685001,45.459999,44.130001,45.23,4237800,44.868416
"2022-02-28",44.459999,45.099998,44.23,44.880001,4992600,44.521217
"2022-03-01",45.16,45.16,43.48,43.720001,6459900,43.370491
"2022-03-02",44.139999,45.18,44.035,44.91,7515000,44.550976
"2022-03-03",45.380001,45.91,44.98,45.880001,6534900,45.513226
"2022-03-04",45.189999,45.639999,44.325001,45,9055000,44.640255
"2022-03-07",45,45.044998,43.470001,43.52,7210800,43.172089
"2022-03-08",43.400002,44.419998,42.849998,43.580002,6755900,43.231609
"2022-03-09",44.439999,45.139999,44.134998,44.59,4529000,44.233536
"2022-03-10",43.93,44.18,43.560001,43.810001,3615800,43.45977
"2022-03-11",44.279999,44.32,43.189999,43.220001,3770900,42.874489
"2022-03-14",43.549999,44.099998,42.834999,42.91,6058800,42.566963
"2022-03-15",43.5,45.330002,43.415001,45.200001,5998100,44.838657
"2022-03-16",45.560001,47.099998,45.52,46.880001,5944300,46.50523
"2022-03-17",46.209999,47.119999,46.150002,47.119999,3766500,46.743305
"2022-03-18",47.16,47.830002,46.639999,47.779999,6620000,47.398033
"2022-03-21",47.279999,47.93,46.98,47.48,3467800,47.10043
"2022-03-22",47.59,47.935001,47.015999,47.490002,3376000,47.110352
"2022-03-23",46.860001,47.290001,46.450001,46.52,2633700,46.148102
"2022-03-24",46.689999,46.73,46.029999,46.169998,2676500,45.8009
"2022-03-25",46.189999,46.439999,45.540001,46.389999,3624000,46.019142
"2022-03-28",46.439999,46.91,46,46.889999,2417200,46.515144
"2022-03-29",47.73,48.48,47.18,48.080002,3024300,47.695637
"2022-03-30",47.880001,48.220001,47.360001,47.57,2737400,47.189713
"2022-03-31",47.290001,47.529999,45.830002,45.869999,4390200,45.5033
"2022-04-01",46.299999,46.41,45.650002,46.040001,2540800,45.671944
"2022-04-04",45.509998,45.720001,44.68,45.25,4753300,44.88826
"2022-04-05",45.040001,45.174999,44.34,44.540001,3144300,44.183933
"2022-04-06",43.970001,44.040001,43.310001,43.880001,4214100,43.529213
"2022-04-07",43.330002,44.009998,43.080002,43.689999,4199500,43.340729
"2022-04-08",43.84,44.41,43.16,43.380001,3311700,43.033207
"2022-04-11",42.810001,43.259998,42.305,42.439999,4399000,42.100719
"2022-04-12",42.66,43.200001,41.521,41.779999,4808300,41.445995
"2022-04-13",41.799999,42.599998,41.650002,42.110001,3202400,41.773361
"2022-04-14",42.119999,42.330002,41.27,41.279999,2618300,40.949993
"2022-04-18",41.330002,41.779999,40.959999,41.290001,3323000,40.959919
"2022-04-19",41.450001,42.549999,41.349998,42.5,4335700,42.160244
"2022-04-20",42.860001,43.740002,42.860001,43.450001,3667400,43.10265
"2022-04-21",43.869999,44.68,42.57,42.82,3841000,42.477684
"2022-04-22",42.459999,42.549999,41.610001,41.669998,4065400,41.336872
"2022-04-25",41.400002,42.02,40.779999,41.959999,3254000,41.624557
"2022-04-26",41.599998,41.779999,39.93,40.049999,5155000,39.729828
"2022-04-27",40.09,40.93,40,40.259998,4349400,39.938148
"2022-04-28",36.279999,39.654999,36.23,39.41,15034800,39.241146
"2022-04-29",39.560001,39.59,38.099998,38.27,8408100,38.106033
"2022-05-02",38.540001,39.040001,37.625999,38.599998,7172200,38.434616
"2022-05-03",38.610001,38.779999,38.040001,38.380001,9902700,38.215561
"2022-05-04",38.490002,39.575001,37.310001,39.41,7947300,39.241146
"2022-05-05",38.959999,39.43,37.57,37.959999,5054100,37.797359
"2022-05-06",37.779999,38,37.07,37.779999,4821000,37.61813
"2022-05-09",37.220001,38.790001,37.02,38.130001,6091700,37.966633
"2022-05-10",38.610001,38.900002,37.215,38.09,5792700,37.926804
"2022-05-11",38.07,38.759998,37.529999,37.59,4809700,37.428947
"2022-05-12",37.509998,39.139999,37.279999,39.099998,7032900,38.932476
"2022-05-13",39.59,40.43,39.59,40.189999,5070700,40.017803
"2022-05-16",39.93,40.275002,39.259998,39.860001,5684800,39.68922
"2022-05-17",40.619999,40.73,39.32,40.18,6868800,40.007851
"2022-05-18",38.75,39.48,37.200001,37.360001,7059600,37.199932
"2022-05-19",37.099998,38.009998,36.91,37.41,4142300,37.249718
"2022-05-20",37.959999,38.23,36.98,37.959999,5539600,37.797359
"2022-05-23",38.52,38.580002,37.66,38.27,3170200,38.106033
"2022-05-24",38.049999,38.25,37,37.939999,3252900,37.777443
"2022-05-25",37.68,38.465,37.57,38.290001,3608400,38.125946
"2022-05-26",38.700001,39.465,38.700001,39.330002,3907900,39.161491
"2022-05-27",39.759998,40.365002,39.75,40.23,3359700,40.057632
"2022-05-31",39.779999,39.990002,38.799999,39.310001,14520500,39.141579
"2022-06-01",39.27,39.41,38.509998,38.939999,2855700,38.773159
"2022-06-02",39.259998,40.099998,39.009998,40.080002,3231700,39.908279
"2022-06-03",39.650002,39.895,39.450001,39.59,3212600,39.420376
"2022-06-06",39.77,40.145,39.540001,39.57,2514800,39.400463
"2022-06-07",39.240002,40.009998,39.139999,39.990002,2806200,39.818665
"2022-06-08",39.75,39.82,39.16,39.389999,2830000,39.221233
"2022-06-09",39.189999,39.599998,38.84,38.849998,2070500,38.683544
"2022-06-10",38.27,38.27,37.02,37.34,3462600,37.180016
"2022-06-13",36.419998,37.060001,36.049999,36.490002,4587300,36.33366
"2022-06-14",36.41,36.830002,35.77,35.939999,3892400,35.786015
"2022-06-15",36.330002,37.174999,35.900002,36.77,4040300,36.612461
"2022-06-16",35.869999,35.990002,34.360001,34.580002,4515200,34.431843
"2022-06-17",34.650002,35.18,34.240002,34.41,10802500,34.262569
"2022-06-21",34.73,35.16,34.34,35.009998,4685400,34.859997
"2022-06-22",34.369999,35.080002,34.119999,34.779999,6304800,34.779999
"2022-06-23",34.669998,34.98,34.470001,34.82,6798300,34.82
"2022-06-24",35.16,36.400002,34.965,36.299999,15472900,36.299999
"2022-06-27",36.349998,36.529999,35.580002,36.110001,3897700,36.110001
"2022-06-28",36.23,36.98,35.91,35.990002,5341300,35.990002
"2022-06-29",35.919998,35.970001,35.299999,35.790001,5743200,35.790001
