"","CMI.Open","CMI.High","CMI.Low","CMI.Close","CMI.Volume","CMI.Adjusted"
"2020-07-01",174.100006,174.779999,170.75,170.949997,838900,162.777267
"2020-07-02",173.509995,176.279999,172.539993,173.449997,792900,165.157776
"2020-07-06",177.039993,179.660004,176.220001,178.160004,1046900,169.642593
"2020-07-07",176.270004,178.429993,175.100006,175.570007,2138400,167.176407
"2020-07-08",175.639999,176.399994,172.770004,174.039993,812100,165.719543
"2020-07-09",174.410004,174.990005,171.300003,172.169998,947000,163.938934
"2020-07-10",172.410004,173.960007,171.759995,173.800003,736200,165.491013
"2020-07-13",175.190002,176.589996,173.440002,174.380005,822400,166.043304
"2020-07-14",174.380005,178.660004,173.070007,178.309998,873500,169.7854
"2020-07-15",179.610001,183.190002,179.610001,181.720001,1209700,173.032394
"2020-07-16",181.220001,184.850006,180.460007,183.729996,923900,174.946274
"2020-07-17",184.350006,184.850006,182.399994,183.110001,853000,174.355927
"2020-07-20",182.369995,182.479996,179.160004,180.300003,832800,171.680283
"2020-07-21",181.449997,187.169998,181.279999,186.179993,1142500,177.279144
"2020-07-22",185.339996,190.440002,185.050003,190.259995,1202000,181.164108
"2020-07-23",190.25,192.309998,189.210007,189.940002,949300,180.859406
"2020-07-24",190.279999,190.710007,187.199997,188.240005,902200,179.240677
"2020-07-27",188.190002,191.860001,186.949997,190.960007,1176700,181.830658
"2020-07-28",195.490005,204.979996,194.839996,195.020004,2560600,185.696548
"2020-07-29",198,199.919998,194.240005,198.880005,1548900,189.372009
"2020-07-30",196.550003,196.970001,192.339996,194.479996,769800,185.182343
"2020-07-31",193.490005,193.820007,189.940002,193.259995,994700,184.020691
"2020-08-03",193.960007,197.389999,192.740005,195.309998,904000,185.972687
"2020-08-04",194.699997,196.100006,192.919998,193.009995,803200,183.782623
"2020-08-05",194.869995,198.899994,194.229996,198.339996,978800,188.857834
"2020-08-06",197.639999,198.339996,195.679993,196.220001,827400,186.839172
"2020-08-07",196.009995,199.300003,195,199.270004,766800,189.743362
"2020-08-10",199.5,210.669998,199.5,210.169998,1424900,200.122269
"2020-08-11",211.490005,215,211.110001,212.039993,1528400,201.902863
"2020-08-12",213.490005,214.320007,211.399994,213.199997,847500,203.007416
"2020-08-13",211.779999,211.910004,209.289993,210.229996,844600,200.179382
"2020-08-14",209.979996,215.429993,209.220001,213.509995,943000,203.302567
"2020-08-17",214.240005,214.889999,210.220001,210.460007,955800,200.398407
"2020-08-18",211,212.630005,209.490005,209.910004,869800,199.87468
"2020-08-19",209.539993,212.770004,209.270004,211.169998,904500,201.074448
"2020-08-20",208.910004,209.770004,207.309998,209,680400,200.251389
"2020-08-21",208.240005,210.509995,207.240005,209.029999,727000,200.280151
"2020-08-24",210.559998,211.940002,209.660004,211.119995,525800,202.282669
"2020-08-25",212.270004,213.690002,209.570007,210.059998,629400,201.267029
"2020-08-26",209.649994,210.380005,207.699997,209.149994,594800,200.395126
"2020-08-27",210,210.550003,206.710007,207.669998,637600,198.977051
"2020-08-28",208.449997,209.419998,206.630005,208.720001,408800,199.983109
"2020-08-31",208.610001,209.070007,206.850006,207.25,720700,198.574631
"2020-09-01",207.75,211.5,206.119995,211.059998,1026200,202.225174
"2020-09-02",211.520004,213.619995,211.520004,212.839996,1046000,203.930679
"2020-09-03",212.509995,213.710007,202.820007,204.559998,1041000,195.997269
"2020-09-04",206.660004,208.449997,202.880005,204.360001,927900,195.805649
"2020-09-08",205.669998,207.399994,202.229996,204.059998,1363100,195.518188
"2020-09-09",206.190002,213.809998,205.509995,212.070007,1085400,203.192917
"2020-09-10",211.460007,211.460007,204.850006,207.160004,1129200,198.488434
"2020-09-11",207.660004,211.330002,207.279999,207.910004,913300,199.207031
"2020-09-14",209.139999,211.880005,208.210007,210.580002,743100,201.765259
"2020-09-15",211.759995,213.979996,210.110001,210.130005,737700,201.334122
"2020-09-16",212.289993,213.699997,209.229996,209.600006,1020100,200.826294
"2020-09-17",207.479996,214.800003,206.350006,210.440002,1016500,201.631134
"2020-09-18",209.690002,214.100006,209.610001,211.899994,1904800,203.029999
"2020-09-21",208.100006,209.050003,202.050003,203.869995,888800,195.336151
"2020-09-22",203.770004,206.229996,202.259995,204.279999,876200,195.728958
"2020-09-23",206,207.889999,202.449997,203.009995,840500,194.512161
"2020-09-24",202.529999,208.419998,199.699997,205.419998,730500,196.821243
"2020-09-25",205.070007,210.130005,204.639999,208.630005,979900,199.896912
"2020-09-28",211,214.399994,210.559998,212.789993,874900,203.882767
"2020-09-29",213.479996,214.190002,210.610001,212.899994,735600,203.988129
"2020-09-30",213.860001,217.259995,209.490005,211.160004,1349300,202.320984
"2020-10-01",212.889999,213.089996,205.149994,207.039993,1095300,198.373428
"2020-10-02",203.669998,212.610001,203.509995,210.339996,1003700,201.535324
"2020-10-05",213.220001,219.800003,212.25,217.850006,1258200,208.730957
"2020-10-06",218.330002,220.820007,215.649994,216.330002,1142900,207.274582
"2020-10-07",219.070007,223.600006,218.759995,221.520004,723000,212.247345
"2020-10-08",222.089996,222.570007,218.509995,221.009995,752300,211.758682
"2020-10-09",222.899994,225.839996,221.360001,223.320007,931200,213.972
"2020-10-12",224.460007,224.5,220.889999,221.75,715900,212.467697
"2020-10-13",220.949997,221.75,217.210007,220.449997,621400,211.222107
"2020-10-14",222,224.309998,220.809998,221.770004,851900,212.486862
"2020-10-15",219.259995,223.419998,218.309998,222.449997,737000,213.138397
"2020-10-16",224.389999,227.149994,222.100006,222.800003,1227800,213.473755
"2020-10-19",223.350006,224.869995,220.350006,221.149994,679700,211.892792
"2020-10-20",222.869995,224.779999,221.520004,222.270004,850400,212.965912
"2020-10-21",223.160004,226.630005,221.940002,222.25,835300,212.946793
"2020-10-22",222.75,225.759995,222.479996,223.589996,862500,214.230667
"2020-10-23",224.770004,227.509995,223.979996,226.279999,1041300,216.808075
"2020-10-26",223.179993,223.800003,218.059998,220.679993,907800,211.44249
"2020-10-27",230.919998,231.350006,219.610001,219.779999,1755700,210.58017
"2020-10-28",214.800003,218.910004,213.199997,213.589996,1327900,204.649246
"2020-10-29",214.029999,219.490005,212.800003,217.440002,1057200,208.33812
"2020-10-30",216.050003,219.979996,214.320007,219.889999,1092400,210.685562
"2020-11-02",223.070007,228.190002,222.399994,227.679993,1285400,218.14946
"2020-11-03",230.399994,233.020004,229.130005,232.029999,1077900,222.317398
"2020-11-04",229.860001,230.759995,221.130005,222.800003,1154800,213.473755
"2020-11-05",226.160004,232.600006,225.679993,229.570007,757700,219.960388
"2020-11-06",230.149994,232.740005,228.570007,229.050003,724400,219.462143
"2020-11-09",240,244.669998,228.949997,228.970001,1435400,219.385483
"2020-11-10",229.289993,235.339996,228.550003,233.860001,909600,224.070801
"2020-11-11",234.889999,235.649994,230.5,234.899994,973300,225.067261
"2020-11-12",233.710007,235.020004,230.229996,233.139999,974200,223.38092
"2020-11-13",234.789993,236.869995,233.820007,236.550003,859200,226.648163
"2020-11-16",240,240,228.580002,231.860001,1313800,222.154495
"2020-11-17",230.929993,232,227.350006,231.080002,952400,221.40715
"2020-11-18",231.679993,235.779999,231.25,233.460007,987800,223.687546
"2020-11-19",229.779999,233.710007,227.649994,233.139999,872600,224.680145
"2020-11-20",232.050003,232.949997,228.600006,230.649994,1087400,222.280502
"2020-11-23",232.860001,236.410004,232.410004,235.220001,1091500,226.684677
"2020-11-24",236.539993,237.460007,233.410004,234.660004,1374200,226.14502
"2020-11-25",235.160004,235.160004,229.779999,230.389999,896400,222.029953
"2020-11-27",231.5,232.199997,228.539993,229.029999,538300,220.719269
"2020-11-30",228.720001,232.199997,226.25,231.169998,2608000,222.781631
"2020-12-01",234.649994,235.850006,229.75,230.360001,1229600,222.001053
"2020-12-02",229.380005,231,227.080002,227.179993,1067900,218.936432
"2020-12-03",227.509995,228.380005,219.300003,220.339996,1923100,212.34462
"2020-12-04",220.699997,222.470001,219.160004,219.929993,1544800,211.949493
"2020-12-07",220,220.619995,216.539993,219.089996,1660900,211.139984
"2020-12-08",218.820007,222.720001,218.820007,221.039993,1159000,213.019226
"2020-12-09",221.320007,224.860001,219.800003,224.190002,1426300,216.054947
"2020-12-10",223.039993,223.5,219.220001,219.550003,1166200,211.583298
"2020-12-11",218.389999,220.330002,217.399994,218.660004,1137500,210.725586
"2020-12-14",220.679993,221.740005,216.410004,216.410004,1033600,208.557236
"2020-12-15",218.539993,225.5,218.539993,224.039993,1264400,215.910355
"2020-12-16",223.929993,224.399994,221.429993,222.820007,840300,214.734634
"2020-12-17",223.860001,225.279999,221.440002,223.429993,774000,215.322479
"2020-12-18",224.070007,225.149994,221.449997,224.309998,1791800,216.170547
"2020-12-21",220.229996,226.020004,219.600006,224.720001,655300,216.565689
"2020-12-22",224.470001,225.5,222.649994,223.539993,944500,215.428513
"2020-12-23",223.229996,225.729996,222.039993,224.220001,561200,216.083832
"2020-12-24",225.289993,226.699997,224.039993,226.529999,197300,218.310028
"2020-12-28",227.910004,228.679993,223.960007,224.139999,407000,216.006744
"2020-12-29",224.410004,225.279999,220.770004,222.690002,563400,214.60936
"2020-12-30",223.880005,225.880005,223.479996,224.990005,390600,216.825897
"2020-12-31",224.910004,227.289993,223.850006,227.100006,480400,218.859329
"2021-01-04",227.679993,229.149994,219.75,221.369995,999200,213.337234
"2021-01-05",220.600006,223.929993,220.600006,221.630005,1297400,213.587845
"2021-01-06",223.839996,236.25,223.75,233.589996,1366000,225.113831
"2021-01-07",235.889999,239.759995,234.149994,239.210007,1351400,230.529892
"2021-01-08",240.160004,241.25,231.300003,234.309998,1455800,225.807678
"2021-01-11",232.729996,238.389999,231.639999,236.679993,1083800,228.091675
"2021-01-12",236.75,242.690002,236.539993,242.029999,1037600,233.247574
"2021-01-13",242.080002,243.149994,239.789993,240.869995,1032600,232.129654
"2021-01-14",241.570007,244,241.100006,241.330002,781700,232.572983
"2021-01-15",239.309998,239.309998,233.279999,237.240005,1823100,228.631393
"2021-01-19",240.279999,241.440002,236.940002,238.360001,1095400,229.710754
"2021-01-20",239.460007,239.460007,235,236.529999,1172500,227.947159
"2021-01-21",237.589996,254.130005,236.110001,248.029999,2659100,239.029861
"2021-01-22",247.080002,248.320007,242.449997,247,1098100,238.037216
"2021-01-25",246.229996,250.160004,244.759995,246.539993,1049500,237.593918
"2021-01-26",247.289993,248.369995,245.559998,246.820007,870000,237.86377
"2021-01-27",242.770004,244.460007,237.669998,239.100006,1480300,230.423904
"2021-01-28",240.940002,247.539993,240.009995,242.199997,906100,233.411392
"2021-01-29",240.899994,241.820007,232.539993,234.419998,1148100,225.913696
"2021-02-01",236.779999,238.509995,230.929993,232.970001,1070700,224.516342
"2021-02-02",233.809998,237.440002,230.5,233.899994,1119700,225.412567
"2021-02-03",234,236.5,231.979996,235.539993,972700,226.993057
"2021-02-04",235.110001,238.990005,229.119995,232.080002,1346200,223.65863
"2021-02-05",233.410004,234.119995,228.210007,229.630005,1463100,221.297516
"2021-02-08",237.050003,238.759995,234,238.610001,1349200,229.95166
"2021-02-09",239.229996,246.110001,237.490005,244.979996,1425000,236.09053
"2021-02-10",247.039993,248.630005,242.660004,245.110001,986400,236.215805
"2021-02-11",245.119995,246.460007,238.449997,243.210007,971000,234.38475
"2021-02-12",243.529999,244.449997,239.889999,243.970001,758800,235.117172
"2021-02-16",244.470001,247.570007,243.259995,244.479996,822800,235.608658
"2021-02-17",244.229996,245.809998,238.850006,241.809998,854100,233.035553
"2021-02-18",239.5,241.690002,237.720001,241.669998,1068400,234.208176
"2021-02-19",243.240005,248.550003,242.339996,246.759995,1026900,239.141022
"2021-02-22",245.360001,250.169998,245.360001,249.270004,860500,241.573547
"2021-02-23",250.119995,252.880005,246.309998,250.899994,1095700,243.153198
"2021-02-24",252.309998,260.26001,251.619995,259.119995,1120700,251.119385
"2021-02-25",258.26001,259.540009,253.899994,255.529999,957200,247.640259
"2021-02-26",255.740005,256.640015,251.809998,253.199997,852300,245.382172
"2021-03-01",256.25,265.149994,256.25,262.980011,1142700,254.860229
"2021-03-02",262.019989,262.709991,255.679993,257.679993,892500,249.723862
"2021-03-03",257.600006,264.440002,257.320007,261.670013,1210000,253.590683
"2021-03-04",268.290009,268.290009,254.850006,258.609985,1198800,250.625153
"2021-03-05",261.179993,267.329987,258.049988,265.859985,1305800,257.651276
"2021-03-08",268.98999,273.299988,266.920013,268.809998,1139600,260.510223
"2021-03-09",269.869995,273.089996,266.51001,266.670013,875100,258.436279
"2021-03-10",268.269989,274.059998,266.679993,273.130005,1017600,264.696869
"2021-03-11",272.809998,273.809998,269.429993,269.799988,888800,261.469635
"2021-03-12",270.390015,274.480011,269.980011,273.920013,796700,265.462433
"2021-03-15",273.369995,276,271.940002,275.98999,937500,267.468536
"2021-03-16",276.059998,277.089996,265.269989,266.920013,1292800,258.678589
"2021-03-17",268.320007,270.670013,265.950012,269.640015,768000,261.314636
"2021-03-18",269.700012,274.76001,267.25,268.26001,984000,259.977173
"2021-03-19",267.200012,268.940002,262.540009,265.899994,2544400,257.690033
"2021-03-22",266.420013,266.779999,261.029999,263.480011,1226800,255.344772
"2021-03-23",259.26001,262.470001,254.639999,255.5,1347200,247.611191
"2021-03-24",257.190002,261,257.190002,257.700012,917500,249.743256
"2021-03-25",257.929993,262.130005,253.539993,261.179993,857600,253.115784
"2021-03-26",262.98999,263.410004,259.48999,262.420013,775300,254.31752
"2021-03-29",260,265,260,260.839996,943200,252.786285
"2021-03-30",260.869995,265.899994,260.869995,263.519989,869600,255.383545
"2021-03-31",264.640015,265.959991,259.079987,259.109985,1130300,251.10968
"2021-04-01",259.399994,260.070007,256.200012,257.720001,1248000,249.762634
"2021-04-05",260.290009,262.130005,258.799988,261.519989,939300,253.445267
"2021-04-06",261.820007,265.959991,259.690002,260.160004,901100,252.127289
"2021-04-07",260.220001,261.709991,256.350006,258.170013,772400,250.198761
"2021-04-08",257.529999,258.440002,255.220001,256.940002,1144400,249.006729
"2021-04-09",258.779999,259.929993,256.339996,259.380005,995200,251.371399
"2021-04-12",260.220001,261.51001,258.109985,261.230011,849600,253.164261
"2021-04-13",261.230011,261.230011,256.950012,260.420013,1245900,252.379288
"2021-04-14",262,264.299988,260.290009,261.420013,1045000,253.348419
"2021-04-15",262.339996,264.410004,260.380005,261.959991,934100,253.871704
"2021-04-16",264.609985,266.049988,261.570007,264.350006,1906600,256.187927
"2021-04-19",263.76001,264.429993,260.450012,262.809998,989700,254.695465
"2021-04-20",262.809998,262.809998,258.390015,259.980011,870000,251.95285
"2021-04-21",259.100006,263.670013,257.109985,263.070007,897500,254.947449
"2021-04-22",264.230011,264.670013,260.910004,261.119995,643800,253.057632
"2021-04-23",261.359985,263.950012,261.359985,262.470001,680000,254.365967
"2021-04-26",263.25,264.809998,258.929993,259.049988,1010300,251.051544
"2021-04-27",258.709991,260.070007,255.710007,257.829987,1140100,249.869232
"2021-04-28",257.890015,259.089996,254.369995,255.380005,1037000,247.494873
"2021-04-29",256.130005,256.859985,253.619995,256.779999,676900,248.851639
"2021-04-30",255.550003,255.550003,251.820007,252.039993,788100,244.258011
"2021-05-03",254,255.559998,251.699997,253.619995,950400,245.78923
"2021-05-04",252.740005,256.769989,247.029999,255.610001,1422600,247.717773
"2021-05-05",256.25,262.420013,253.860001,260.970001,1033700,252.912277
"2021-05-06",262.570007,265.929993,261.619995,265.929993,988500,257.719116
"2021-05-07",264.589996,266.959991,261.609985,266.390015,1005500,258.164978
"2021-05-10",268.630005,273.649994,268.049988,270.73999,959800,262.380615
"2021-05-11",268.73999,269,261.790009,264.779999,922100,256.604675
"2021-05-12",265.859985,266.799988,257.140015,257.670013,1029800,249.714188
"2021-05-13",257.859985,264.779999,257.589996,262.929993,710900,254.811768
"2021-05-14",265.279999,266.320007,263.190002,265.670013,556800,257.467194
"2021-05-17",270,270.839996,265.079987,266.320007,952700,258.097137
"2021-05-18",264.859985,265.320007,259,259.089996,939400,251.090302
"2021-05-19",255.300003,259.339996,252.779999,259.23999,1044000,251.235687
"2021-05-20",258.980011,259.470001,254.679993,255.169998,1104700,248.585876
"2021-05-21",256.160004,258.76001,255.410004,256.790009,777300,250.164078
"2021-05-24",257.910004,259.309998,255.479996,255.529999,629100,248.9366
"2021-05-25",256.529999,257.290009,253.889999,254.350006,885800,247.787048
"2021-05-26",254.399994,255.690002,252.850006,255.100006,906400,248.5177
"2021-05-27",258.51001,259.899994,256.220001,259.200012,2363500,252.511902
"2021-05-28",259.950012,260,256.350006,257.279999,867800,250.641434
"2021-06-01",261.48999,263.549988,260.059998,261.76001,1035900,255.005829
"2021-06-02",261.76001,262.26001,258.75,259.850006,754500,253.145157
"2021-06-03",258.779999,263.320007,257.869995,260.970001,931000,254.236221
"2021-06-04",261.480011,265.089996,261.190002,264.220001,660500,257.402374
"2021-06-07",264.51001,264.640015,257.799988,259.220001,1094500,252.531387
"2021-06-08",259.01001,260.359985,256.070007,259.920013,735500,253.213333
"2021-06-09",258.660004,260.019989,256.679993,256.769989,656500,250.144577
"2021-06-10",258.200012,259.130005,251.449997,252.240005,1168400,245.731491
"2021-06-11",253.25,254.580002,249.089996,250,1682800,243.549271
"2021-06-14",249.279999,250.179993,246.869995,248.440002,1109600,242.029541
"2021-06-15",249.220001,250.419998,247.880005,250.100006,720600,243.646713
"2021-06-16",248.889999,249.720001,245.460007,246,929100,239.652496
"2021-06-17",246.229996,247.740005,234.880005,237.330002,2095900,231.206207
"2021-06-18",232.830002,236.419998,230.850006,233,2973900,226.987915
"2021-06-21",235.559998,239.240005,235.460007,235.889999,991500,229.80336
"2021-06-22",237.289993,238.470001,235.479996,237.009995,899600,230.89447
"2021-06-23",237.600006,239.190002,235.240005,238,855900,231.858917
"2021-06-24",239,240.899994,237.520004,239.110001,997300,232.940277
"2021-06-25",240.669998,242.720001,239.960007,240.850006,1055500,234.635376
"2021-06-28",240.850006,241.479996,238.759995,241.270004,1131200,235.04454
"2021-06-29",243.389999,244.020004,238.940002,239.610001,643800,233.427383
"2021-06-30",240.490005,244.559998,240.429993,243.809998,1010500,237.518997
"2021-07-01",244.990005,245.679993,240.910004,242.130005,1111500,235.88237
"2021-07-02",242.860001,242.899994,240.809998,241.839996,780700,235.599838
"2021-07-06",241.110001,241.410004,233.110001,236.330002,1037400,230.23201
"2021-07-07",234.610001,239.279999,234.610001,238.919998,768800,232.755173
"2021-07-08",235.289993,239.270004,234.419998,237.479996,826900,231.352325
"2021-07-09",241.139999,243.389999,241.070007,242.699997,789100,236.437637
"2021-07-12",241.199997,243.940002,239.699997,243.279999,980600,237.00267
"2021-07-13",243.339996,245.440002,241.309998,241.490005,823500,235.258865
"2021-07-14",242.399994,242.399994,237.779999,239.009995,871500,232.84285
"2021-07-15",238.350006,241.509995,238.350006,240.119995,730900,233.92421
"2021-07-16",243.080002,243.339996,238.220001,238.619995,632700,232.462921
"2021-07-19",234.130005,235.179993,230.259995,233.130005,918900,227.114578
"2021-07-20",234.389999,238.720001,232.440002,237.940002,1101800,231.800461
"2021-07-21",239.320007,241.580002,238.279999,239.380005,678600,233.203308
"2021-07-22",239.639999,239.639999,236.460007,237.440002,484500,231.31337
"2021-07-23",239.259995,239.259995,236.809998,237.440002,622500,231.31337
"2021-07-26",237.210007,238.690002,235.690002,236.5,762500,230.397614
"2021-07-27",236.509995,236.919998,231.929993,233.800003,1262400,227.767288
"2021-07-28",233.360001,234.570007,230.199997,232.020004,2063900,226.033234
"2021-07-29",234.339996,234.75,231.029999,233.149994,1522500,227.134048
"2021-07-30",232.830002,233.470001,231.389999,232.100006,1061600,226.11116
"2021-08-02",232.809998,234.149994,228.850006,229.059998,1220200,223.149597
"2021-08-03",229,235.119995,227.199997,233.050003,1864500,227.036636
"2021-08-04",231.919998,235.389999,230.940002,231.070007,1154500,225.107742
"2021-08-05",232.869995,234.25,227.380005,228.270004,1525300,222.37999
"2021-08-06",229.850006,231.089996,228.850006,229.080002,943000,223.169083
"2021-08-09",228.660004,231.429993,227.699997,230.649994,774800,224.698547
"2021-08-10",231.449997,235.529999,230.220001,233.770004,918500,227.738068
"2021-08-11",234.880005,242.130005,233.75,241.800003,1224300,235.560867
"2021-08-12",242.320007,242.800003,237.490005,239.130005,952700,232.959747
"2021-08-13",239.509995,239.789993,236.820007,237.720001,868300,231.586136
"2021-08-16",237,239.820007,235.589996,239.289993,810700,233.115631
"2021-08-17",237.940002,238.059998,233.649994,235.839996,936100,229.754623
"2021-08-18",234.529999,236.5,233.369995,233.580002,1085800,227.552979
"2021-08-19",230.630005,232.940002,229.729996,231.5,1187400,226.935394
"2021-08-20",231.050003,232.669998,230.110001,231.669998,997900,227.102036
"2021-08-23",233.25,236.229996,232.360001,235.25,1453200,230.611435
"2021-08-24",233.199997,237.089996,233.199997,236.139999,1226200,231.483887
"2021-08-25",236.080002,239.690002,235.690002,238.470001,1016800,233.76796
"2021-08-26",238.399994,240.339996,236.639999,236.979996,1118100,232.307312
"2021-08-27",238.119995,241.729996,237.009995,240.300003,1253900,235.561874
"2021-08-30",241.089996,241.619995,237.220001,238.690002,925700,233.983627
"2021-08-31",238.690002,238.860001,235.110001,235.979996,959100,231.327042
"2021-09-01",236.009995,237.029999,231.199997,234.869995,975500,230.238937
"2021-09-02",235.789993,237.770004,234.669998,236.970001,789600,232.297531
"2021-09-03",237.110001,241.350006,236.960007,238.570007,991800,233.865997
"2021-09-07",238.009995,238.240005,232.699997,233.850006,1109200,229.239059
"2021-09-08",233.070007,234.220001,231.449997,233.679993,763600,229.072403
"2021-09-09",234.25,235.5,232.309998,232.979996,783400,228.3862
"2021-09-10",234.149994,235.360001,231.710007,233.320007,739100,228.719498
"2021-09-13",235.789993,237.080002,233.419998,235.610001,756200,230.964355
"2021-09-14",236.970001,236.970001,230.789993,231.820007,784900,227.249084
"2021-09-15",231.589996,236.419998,231.5,234.440002,860900,229.817413
"2021-09-16",234.619995,235.600006,229.419998,229.710007,1081400,225.180679
"2021-09-17",227.869995,228.839996,226.339996,227.690002,1986600,223.2005
"2021-09-20",223.550003,224.770004,218.279999,221.470001,1693500,217.103149
"2021-09-21",221.839996,222.520004,217.5,219.539993,1031000,215.211197
"2021-09-22",221.899994,225.509995,221.369995,221.619995,869600,217.250198
"2021-09-23",223.720001,229.149994,222.759995,228.330002,1207500,223.827881
"2021-09-24",228,229.970001,227.5,227.660004,755400,223.171112
"2021-09-27",227.559998,233.080002,227.559998,230.25,802100,225.710022
"2021-09-28",230.25,232.300003,228.380005,229.460007,643200,224.935608
"2021-09-29",230.330002,232.039993,228.270004,230.669998,686600,226.12175
"2021-09-30",231.300003,232.320007,224.520004,224.559998,1094300,220.132217
"2021-10-01",225.320007,229.910004,223.75,227.960007,772700,223.465195
"2021-10-04",228.330002,229.199997,226.199997,227.520004,924800,223.033875
"2021-10-05",225.630005,236.210007,223.580002,234.669998,1586600,230.042877
"2021-10-06",231.860001,235.009995,228.110001,234.589996,1062400,229.964462
"2021-10-07",236.869995,238.479996,234.5,234.860001,908800,230.229141
"2021-10-08",234.429993,237.960007,233.520004,236,623700,231.346664
"2021-10-11",237.100006,237.759995,232.289993,232.440002,979000,227.856857
"2021-10-12",232.5,234.119995,229.520004,230.139999,865800,225.602203
"2021-10-13",231.070007,232.330002,227.240005,231.539993,731800,226.974594
"2021-10-14",232.589996,239.580002,231.570007,238.830002,815100,234.12085
"2021-10-15",241.410004,241.5,238.029999,238.279999,673100,233.581711
"2021-10-18",235.889999,237.809998,235.539993,237.039993,745800,232.36615
"2021-10-19",239.089996,240.649994,237.440002,240.119995,772600,235.385406
"2021-10-20",240.119995,243.220001,239.220001,242.830002,907800,238.041977
"2021-10-21",242,242.130005,238.979996,240.710007,522200,235.963791
"2021-10-22",241,242.350006,239.169998,240.710007,660000,235.963791
"2021-10-25",239.699997,242.979996,238.75,241.360001,663700,236.600967
"2021-10-26",242.039993,242.039993,238.899994,238.899994,750800,234.189453
"2021-10-27",238.649994,238.649994,234.240005,234.850006,789300,230.21933
"2021-10-28",235.070007,242.820007,235,242.740005,759400,237.953766
"2021-10-29",243,243.259995,238.550003,239.839996,1070300,235.110931
"2021-11-01",240.899994,247.479996,240,245.330002,914200,240.492676
"2021-11-02",245.729996,245.729996,238.559998,242.279999,1115600,237.502823
"2021-11-03",239.509995,240.339996,233.5,235.479996,1236400,230.836914
"2021-11-04",235.869995,238.179993,234.529999,235.160004,739500,230.523224
"2021-11-05",236.050003,238.570007,235.139999,237.070007,683300,232.395554
"2021-11-08",238,239.800003,235.899994,238.059998,619300,233.366043
"2021-11-09",237.660004,238.839996,233.740005,236.199997,882400,231.542709
"2021-11-10",235.850006,241.589996,234.869995,237.710007,921600,233.022949
"2021-11-11",238,238.610001,233.770004,236.300003,656200,231.640747
"2021-11-12",236.830002,237.529999,234.039993,236.339996,754300,231.679947
"2021-11-15",237,237.690002,234.440002,236.029999,546600,231.376068
"2021-11-16",236.75,238.589996,235.279999,235.419998,1002800,230.778091
"2021-11-17",235.679993,235.679993,230.270004,231.889999,1196400,227.317688
"2021-11-18",231.059998,231.160004,226.880005,228.100006,914200,225.009415
"2021-11-19",227.339996,227.479996,223.820007,223.889999,1412900,220.85643
"2021-11-22",224.839996,230.729996,222.339996,227.979996,1327000,224.891022
"2021-11-23",228.710007,229.800003,225.940002,227.839996,1249300,224.752914
"2021-11-24",227.619995,228.949997,225.119995,225.860001,1143800,222.799744
"2021-11-26",220,221,216.729996,219.679993,696300,216.703476
"2021-11-29",221,221,216.190002,217.270004,1114400,214.326141
"2021-11-30",215.509995,216.419998,209.089996,209.75,2436300,206.90802
"2021-12-01",213.270004,215.899994,209.089996,209.119995,1447200,206.286545
"2021-12-02",210.380005,216.949997,209.119995,215.889999,1589100,212.964828
"2021-12-03",216.809998,219.529999,215.399994,217.029999,1231100,214.089386
"2021-12-06",218.770004,222.570007,217.220001,219.270004,1187000,216.299042
"2021-12-07",220.940002,222.389999,219.440002,219.770004,768200,216.792267
"2021-12-08",220,221.449997,219.149994,220.809998,651100,217.818176
"2021-12-09",219.389999,220.419998,217.410004,219.580002,859400,216.604828
"2021-12-10",221.179993,221.5,217.479996,218.100006,756700,215.144897
"2021-12-13",217.190002,217.960007,215.029999,216.119995,1008500,213.191696
"2021-12-14",215.360001,219.059998,215,216.580002,975700,213.645493
"2021-12-15",218.970001,219.589996,216.779999,218.600006,988000,215.638123
"2021-12-16",220,220.759995,217.25,218.289993,945200,215.332306
"2021-12-17",217.410004,217.410004,210.160004,211.029999,2441600,208.17067
"2021-12-20",208.320007,209.089996,203.380005,206.990005,1318300,204.185425
"2021-12-21",208.619995,212.779999,208.210007,211.759995,1038100,208.890793
"2021-12-22",212.190002,212.589996,210.440002,210.919998,755200,208.062164
"2021-12-23",212.369995,214.570007,211.289993,213.970001,649100,211.070847
"2021-12-27",213.410004,216.330002,213.179993,216.210007,480700,213.280502
"2021-12-28",215.479996,218.850006,215.479996,217.529999,539400,214.582596
"2021-12-29",217.449997,219.679993,217,218.720001,559500,215.756485
"2021-12-30",219.320007,220.570007,217.660004,217.839996,444200,214.888412
"2021-12-31",217.020004,219.119995,217.020004,218.139999,668100,215.184341
"2022-01-03",218.710007,220.779999,218.270004,219.529999,864000,216.555511
"2022-01-04",221.529999,228.639999,220.759995,227.910004,1020700,224.82196
"2022-01-05",228.25,232.320007,226.919998,226.949997,1494800,223.874969
"2022-01-06",229.039993,233,227.759995,230.190002,1062000,227.071075
"2022-01-07",230,235,229.490005,234.350006,1311900,231.174713
"2022-01-10",235.509995,236.399994,229.399994,231.380005,1040300,228.244965
"2022-01-11",232,233.210007,228.509995,232.389999,1026000,229.241272
"2022-01-12",232.520004,233.839996,230.080002,231.660004,762300,228.521164
"2022-01-13",232.199997,238.050003,232.199997,235.979996,782100,232.782623
"2022-01-14",234.199997,237.729996,232.970001,237.539993,999800,234.321472
"2022-01-18",235.789993,237.149994,232.550003,236,1176000,232.802353
"2022-01-19",236.889999,237.020004,230.309998,231.100006,1253100,227.96875
"2022-01-20",231.279999,232.5,225.940002,226.720001,1156500,223.648102
"2022-01-21",226.839996,227.5,222.75,223.360001,983800,220.333618
"2022-01-24",219.889999,224.970001,216.929993,224,1584000,220.964935
"2022-01-25",221.199997,229.119995,215.240005,226.660004,1347800,223.588898
"2022-01-26",228.160004,232.949997,224.320007,225.850006,1564700,222.789886
"2022-01-27",227.75,230.100006,222.259995,224.080002,794000,221.043854
"2022-01-28",222.210007,222.860001,214.289993,220.990005,1083300,217.995728
"2022-01-31",219.210007,221.020004,215.800003,220.880005,1108000,217.887222
"2022-02-01",220.330002,226.470001,219.979996,225.529999,933700,222.474213
"2022-02-02",225.399994,226.570007,221.880005,226.470001,1836100,223.401474
"2022-02-03",219,234.199997,218.800003,227.25,1838500,224.170914
"2022-02-04",226.160004,230.850006,222.690002,228.600006,1235900,225.502625
"2022-02-07",229.119995,229.399994,225.729996,226.539993,1267800,223.47052
"2022-02-08",228.130005,229.369995,220.440002,223.509995,1358200,220.481583
"2022-02-09",223.809998,226.779999,223.119995,225.5,1051200,222.444626
"2022-02-10",223.289993,228.600006,222.190002,223.220001,1007200,220.195511
"2022-02-11",222.970001,226.419998,220.649994,222.169998,883600,219.159744
"2022-02-14",223.869995,224,218,219.440002,1008300,216.466736
"2022-02-15",220.979996,224.259995,220.580002,222.380005,898700,219.366913
"2022-02-16",221.470001,226.339996,220.75,223.309998,1291100,220.284302
"2022-02-17",220.479996,223.5,217.580002,218.690002,973600,217.13681
"2022-02-18",217.369995,221.919998,217,218.050003,830300,216.501358
"2022-02-22",220.720001,220.720001,213.470001,214.089996,1556600,212.569473
"2022-02-23",214.509995,215.270004,204.970001,205.830002,1857500,204.368149
"2022-02-24",202.080002,204,198.130005,203.270004,1519200,201.826324
"2022-02-25",203.910004,206.669998,202.559998,203.850006,1545500,202.402206
"2022-02-28",201.100006,206.130005,200.729996,204.119995,1956300,202.670288
"2022-03-01",203.679993,205,192.020004,196.070007,2213000,194.677475
"2022-03-02",198.029999,209.259995,197.800003,207.080002,2224000,205.609268
"2022-03-03",208.240005,212.100006,205.889999,208.990005,1264600,207.505707
"2022-03-04",204.160004,205.919998,199.25,202.039993,1830200,200.605057
"2022-03-07",201.509995,202.160004,189.5,189.600006,2686900,188.253418
"2022-03-08",191.470001,201.009995,189.619995,193.009995,1676800,191.639191
"2022-03-09",196.690002,200.880005,196.470001,198.440002,1407800,197.030624
"2022-03-10",195.75,198.119995,193.679993,197.199997,1008000,195.799438
"2022-03-11",198.809998,199.529999,195.059998,195.289993,1186300,193.903
"2022-03-14",197.399994,201.190002,196.229996,197.770004,1114300,196.365387
"2022-03-15",199.240005,200.589996,196.429993,198.470001,940400,197.060425
"2022-03-16",199.570007,205.470001,198.419998,205.259995,1314100,203.802185
"2022-03-17",202.259995,206.509995,202.110001,205.410004,732600,203.951126
"2022-03-18",202.470001,207.080002,199.279999,206.75,3453600,205.281616
"2022-03-21",205.610001,209.369995,204.440002,206.149994,972000,204.685867
"2022-03-22",208.190002,211.039993,207.729996,209.669998,1096600,208.180862
"2022-03-23",207.559998,210.5,206.570007,208.029999,1060800,206.552521
"2022-03-24",209.229996,211.839996,207.509995,209.240005,804200,207.753937
"2022-03-25",209.240005,210.199997,207.580002,209.660004,557800,208.170944
"2022-03-28",208.850006,208.850006,204.710007,207.720001,642900,206.24472
"2022-03-29",209.220001,213.009995,208.949997,212.380005,709600,210.871628
"2022-03-30",212.119995,212.119995,208.130005,209.570007,716100,208.081589
"2022-03-31",208.410004,209.539993,205,205.110001,1112000,203.653259
"2022-04-01",206.869995,207.119995,198.410004,201.029999,1346600,199.602234
"2022-04-04",200.130005,202.860001,194,202.289993,1916400,200.853271
"2022-04-05",201.830002,203.029999,197.800003,200.089996,1180900,198.6689
"2022-04-06",198.050003,198.850006,195.130005,198.509995,1221200,197.100128
"2022-04-07",197.619995,197.789993,194.410004,196.110001,881900,194.717178
"2022-04-08",195.679993,197.809998,193.339996,194.690002,1259300,193.307266
"2022-04-11",194.690002,198.350006,192.740005,192.929993,1119600,191.559753
"2022-04-12",193.139999,197.229996,192.169998,192.580002,1012000,191.21225
"2022-04-13",191.759995,195.380005,191.550003,194.600006,848400,193.217911
"2022-04-14",195.119995,197.020004,193.929993,195.940002,995700,194.548386
"2022-04-18",195.639999,198.639999,195.639999,196.710007,585400,195.312927
"2022-04-19",197.389999,201.940002,197.389999,201.279999,1174900,199.850464
"2022-04-20",203.5,205.75,202.860001,204.809998,883900,203.355392
"2022-04-21",207.199997,209.619995,206.110001,206.860001,971200,205.390823
"2022-04-22",204.850006,205.610001,198.860001,199.199997,855200,197.785233
"2022-04-25",198,198,191.369995,196.149994,1415600,194.756882
"2022-04-26",194.860001,197.929993,190.449997,190.589996,936900,189.236374
"2022-04-27",190.529999,197.130005,190.419998,194.869995,927300,193.485977
"2022-04-28",196.080002,196.770004,192.529999,194.479996,915000,193.098755
"2022-04-29",193.429993,195.850006,188.419998,189.190002,854300,187.846329
"2022-05-02",189.279999,195.509995,187.720001,194.929993,1276500,193.545547
"2022-05-03",195,205.660004,195,202.130005,1532400,200.694427
"2022-05-04",200.839996,209.039993,199.589996,208.75,1175800,207.26741
"2022-05-05",205.610001,207.339996,202.080002,204.029999,808000,202.580933
"2022-05-06",204.339996,204.339996,198.119995,201.720001,886200,200.287338
"2022-05-09",198.889999,204.5,198.559998,202.710007,1047600,201.270309
"2022-05-10",204.929993,205.080002,194.309998,197.410004,1029700,196.00795
"2022-05-11",198.5,200.399994,194.589996,196.179993,1094000,194.786667
"2022-05-12",195,199.619995,194.550003,199.440002,1064000,198.023529
"2022-05-13",200.589996,203.059998,198.259995,201.119995,1043300,199.691589
"2022-05-16",200.710007,204.240005,198.279999,202.690002,750800,201.250443
"2022-05-17",206.479996,208.669998,203.690002,208.199997,825400,206.721313
"2022-05-18",207.770004,209.960007,203.570007,204.160004,1436000,202.710007
"2022-05-19",200.029999,204.910004,196.899994,201.880005,931600,201.880005
"2022-05-20",201.949997,202.339996,193.679993,197.309998,819100,197.309998
"2022-05-23",200.550003,202.839996,197.970001,198.740005,640600,198.740005
"2022-05-24",198.339996,198.429993,192.570007,196.509995,875700,196.509995
"2022-05-25",196.610001,203.509995,195.869995,202.619995,1135100,202.619995
"2022-05-26",205,207.649994,202.919998,203.550003,691300,203.550003
"2022-05-27",206.529999,208.880005,206.169998,207.970001,642900,207.970001
"2022-05-31",205.759995,210.339996,204.070007,209.119995,1246900,209.119995
"2022-06-01",211.100006,211.160004,204.350006,207.850006,669300,207.850006
"2022-06-02",209.399994,211.789993,207.669998,211.639999,565700,211.639999
"2022-06-03",209.889999,211.919998,209.289993,211.020004,648400,211.020004
"2022-06-06",212,214.179993,211.029999,212.649994,787500,212.649994
"2022-06-07",210.830002,215.470001,208.320007,215.259995,676200,215.259995
"2022-06-08",214.639999,216.899994,212.899994,213.779999,658800,213.779999
"2022-06-09",212.289993,214.289993,211.070007,211.5,771400,211.5
"2022-06-10",207.720001,208.259995,204.429993,205.5,694800,205.5
"2022-06-13",200.910004,201.289993,194.889999,196.199997,1193300,196.199997
"2022-06-14",196.059998,199.149994,194.990005,196.610001,844400,196.610001
"2022-06-15",197.610001,201.899994,197.190002,199.160004,707100,199.160004
"2022-06-16",195.179993,196.190002,186.169998,189.149994,1420400,189.149994
"2022-06-17",188.100006,192.559998,186.710007,191.550003,2027800,191.550003
"2022-06-21",195.5,197.119995,192.610001,196.190002,727000,196.190002
"2022-06-22",191.759995,195.679993,191.580002,193.869995,749900,193.869995
"2022-06-23",192.690002,194.460007,184.279999,185.889999,1227200,185.889999
"2022-06-24",188.020004,195.100006,187.929993,195.020004,1130400,195.020004
"2022-06-27",196.949997,198.889999,193.210007,195.380005,583500,195.380005
"2022-06-28",197.330002,201.25,195.5,196.059998,731700,196.059998
"2022-06-29",196.369995,196.369995,192.740005,193.75,689700,193.75
