"","DAL.Open","DAL.High","DAL.Low","DAL.Close","DAL.Volume","DAL.Adjusted"
"2020-07-01",29.02,29.85,27.49,27.700001,39305300,27.700001
"2020-07-02",28.540001,28.73,27.6,27.719999,29240100,27.719999
"2020-07-06",28.24,28.629999,27.280001,28.440001,27345200,28.440001
"2020-07-07",27.860001,27.950001,26.860001,27.01,24598100,27.01
"2020-07-08",26.65,27.280001,26.200001,27.01,27214100,27.01
"2020-07-09",26.790001,26.92,25.219999,25.65,31219800,25.65
"2020-07-10",25.299999,27.26,25.15,27.09,31349400,27.09
"2020-07-13",27.23,27.620001,26.309999,26.82,34133100,26.82
"2020-07-14",25.639999,26.75,25.459999,26.110001,42273300,26.110001
"2020-07-15",27.5,28.879999,26.92,28.6,47726600,28.6
"2020-07-16",27.559999,27.950001,27.040001,27.26,25914200,27.26
"2020-07-17",27.33,27.73,26.940001,27.049999,20920100,27.049999
"2020-07-20",27,27.42,26.030001,26.219999,21574500,26.219999
"2020-07-21",26.5,26.950001,26.35,26.43,20930300,26.43
"2020-07-22",26.23,26.82,26.110001,26.25,16710800,26.25
"2020-07-23",26,27.700001,25.780001,26.780001,28110700,26.780001
"2020-07-24",26.48,26.639999,25.879999,25.959999,16774900,25.959999
"2020-07-27",25.950001,26.16,25.370001,25.5,18849800,25.5
"2020-07-28",25.35,26.299999,25.34,25.940001,18615600,25.940001
"2020-07-29",26.02,26.190001,25.379999,25.719999,14459700,25.719999
"2020-07-30",25.25,25.379999,24.82,24.940001,16844000,24.940001
"2020-07-31",24.799999,25.01,24.43,24.969999,17106500,24.969999
"2020-08-03",24.85,25.48,24.379999,25.200001,16590400,25.200001
"2020-08-04",25.450001,26.219999,25.309999,25.67,17233600,25.67
"2020-08-05",26.219999,27.040001,25.75,26.469999,27782100,26.469999
"2020-08-06",26.9,27.299999,26.129999,27.08,30682500,27.08
"2020-08-07",26.700001,27.200001,26.469999,27.18,15254500,27.18
"2020-08-10",27.459999,29.41,27.379999,29.34,34084900,29.34
"2020-08-11",30.790001,30.82,29.43,29.639999,37293000,29.639999
"2020-08-12",30.040001,30.280001,28.360001,29.09,26590000,29.09
"2020-08-13",28.6,29.58,28.49,28.700001,15767700,28.700001
"2020-08-14",28.299999,29.190001,28.15,28.950001,13107800,28.950001
"2020-08-17",29.040001,29.040001,27.76,28.02,14569000,28.02
"2020-08-18",28,28.280001,27.370001,27.629999,14222500,27.629999
"2020-08-19",27.75,29.120001,27.559999,27.67,21082100,27.67
"2020-08-20",27.52,27.790001,27.02,27.620001,14010200,27.620001
"2020-08-21",27.559999,27.860001,27.17,27.27,10897500,27.27
"2020-08-24",27.66,29.799999,27.540001,29.799999,34251000,29.799999
"2020-08-25",30,30.280001,29.33,30.1,31001900,30.1
"2020-08-26",30.01,30.219999,29.620001,29.950001,18877300,29.950001
"2020-08-27",30.809999,32.209999,30.620001,30.82,31795200,30.82
"2020-08-28",31.25,31.99,30.73,31.99,20469700,31.99
"2020-08-31",31.809999,32.009998,30.799999,30.85,18262700,30.85
"2020-09-01",30.02,31.610001,29.75,30.709999,20041500,30.709999
"2020-09-02",30.4,31.299999,30.139999,31.139999,16307700,31.139999
"2020-09-03",31.629999,32.529999,30.469999,31.219999,29474900,31.219999
"2020-09-04",31.790001,32.369999,30.610001,31.77,25878700,31.77
"2020-09-08",31.4,33.099998,31.34,32.540001,28129400,32.540001
"2020-09-09",32.169998,32.439999,31.32,31.76,19362700,31.76
"2020-09-10",32.18,32.709999,31.67,31.790001,17711300,31.790001
"2020-09-11",31.809999,32.130001,31.34,31.700001,14344100,31.700001
"2020-09-14",32.290001,32.900002,32.009998,32.82,16333000,32.82
"2020-09-15",33.200001,34.48,33.099998,33.509998,22656400,33.509998
"2020-09-16",33.799999,34.990002,33.189999,34.57,26009000,34.57
"2020-09-17",33.970001,35.07,33.639999,33.959999,26014800,33.959999
"2020-09-18",33.220001,34.02,32.580002,32.84,35079200,32.84
"2020-09-21",31.16,31.200001,29.42,29.82,34449900,29.82
"2020-09-22",29.809999,30.540001,29.719999,30.219999,18035300,30.219999
"2020-09-23",30.440001,31.030001,29.49,29.559999,17358100,29.559999
"2020-09-24",29.120001,29.51,27.92,29.01,22257800,29.01
"2020-09-25",28.82,29.790001,28.780001,29.780001,21831500,29.780001
"2020-09-28",30.6,31.959999,30.139999,31.34,22098400,31.34
"2020-09-29",31.1,31.110001,30.299999,30.610001,14785600,30.610001
"2020-09-30",30.99,31.85,30.48,30.58,16664100,30.58
"2020-10-01",30.99,31.360001,30.58,31.1,12501900,31.1
"2020-10-02",29.75,32.299999,29.610001,31.75,27126000,31.75
"2020-10-05",32.349998,32.43,31.52,32,14807100,32
"2020-10-06",32.630001,32.720001,30.91,31.059999,20317100,31.059999
"2020-10-07",32.220001,32.360001,31.639999,32.150002,15416600,32.150002
"2020-10-08",32.689999,33,31.92,32.68,18123800,32.68
"2020-10-09",32.709999,33.27,32.290001,32.810001,16730600,32.810001
"2020-10-12",32.68,32.810001,32.299999,32.639999,12065800,32.639999
"2020-10-13",31.9,32.389999,31.48,31.77,22421200,31.77
"2020-10-14",31.77,32.32,31.65,31.76,16497900,31.76
"2020-10-15",31.379999,31.459999,30.690001,31.34,11922300,31.34
"2020-10-16",31.4,31.76,31.24,31.469999,11143600,31.469999
"2020-10-19",31.700001,32.27,31.309999,31.5,14588700,31.5
"2020-10-20",31.969999,32.41,31.59,31.98,14244300,31.98
"2020-10-21",31.889999,31.940001,31.370001,31.5,11292300,31.5
"2020-10-22",31.870001,33.810001,31.719999,33.720001,25713700,33.720001
"2020-10-23",33.52,34.040001,32.900002,34,15247300,34
"2020-10-26",33.5,33.5,31.530001,31.93,16558300,31.93
"2020-10-27",31.75,32.060001,30.690001,30.709999,13442000,30.709999
"2020-10-28",29.76,30.15,28.74,29.65,22720900,29.65
"2020-10-29",29.459999,30.91,29.34,30.76,16962300,30.76
"2020-10-30",30.52,30.99,29.99,30.639999,15229400,30.639999
"2020-11-02",30.620001,30.629999,29.67,30.219999,14200900,30.219999
"2020-11-03",30.940001,31.360001,30.639999,30.9,14257900,30.9
"2020-11-04",30.91,31.309999,30.110001,30.43,12348500,30.43
"2020-11-05",30.85,32.259998,30.799999,31.98,13145100,31.98
"2020-11-06",31.67,31.84,31.030001,31.42,11821100,31.42
"2020-11-09",37.400002,38.689999,34.68,36.77,58086400,36.77
"2020-11-10",36.099998,37.169998,35.689999,37.040001,28449400,37.040001
"2020-11-11",36.639999,36.790001,34.73,35.02,20970400,35.02
"2020-11-12",34.09,35.549999,34.02,34.380001,21676300,34.380001
"2020-11-13",34.950001,36.669998,34.849998,36.459999,20832400,36.459999
"2020-11-16",38.43,38.650002,37.240002,38,25376600,38
"2020-11-17",37.400002,38.049999,36.66,37.599998,16952700,37.599998
"2020-11-18",38.09,39.299999,37.889999,37.91,21199200,37.91
"2020-11-19",37.59,38.130001,37.48,37.91,13981600,37.91
"2020-11-20",37.990002,38.09,36.970001,37.130001,12490500,37.130001
"2020-11-23",37.799999,38.849998,37.43,38.790001,14802900,38.790001
"2020-11-24",40.049999,41.290001,39.41,41.259998,23818000,41.259998
"2020-11-25",40.799999,41.490002,40.049999,41.290001,14588900,41.290001
"2020-11-27",41.790001,42.189999,40.779999,41.060001,10516600,41.060001
"2020-11-30",40.529999,41.049999,39.349998,40.25,16732600,40.25
"2020-12-01",40.790001,41.060001,39.919998,39.959999,13184200,39.959999
"2020-12-02",39.810001,41.279999,39.060001,41.07,12937300,41.07
"2020-12-03",41.700001,43.759998,41.560001,42.950001,24526800,42.950001
"2020-12-04",43.200001,43.490002,42.07,42.360001,18453400,42.360001
"2020-12-07",42.400002,42.830002,41.740002,42.349998,13169100,42.349998
"2020-12-08",41.950001,42.880001,41.77,42.41,11530300,42.41
"2020-12-09",43.049999,43.48,41.330002,42.110001,16348300,42.110001
"2020-12-10",41.16,42.75,41.07,42.619999,10680700,42.619999
"2020-12-11",42.009998,42.43,41.139999,41.740002,12223100,41.740002
"2020-12-14",42.25,42.380001,40.669998,40.689999,12445200,40.689999
"2020-12-15",41.200001,41.93,40.16,41.849998,11433200,41.849998
"2020-12-16",41.75,41.810001,40.66,41.080002,11010600,41.080002
"2020-12-17",41.299999,41.419998,40.610001,41.110001,9656700,41.110001
"2020-12-18",40.880001,41.029999,40.279999,40.68,14312400,40.68
"2020-12-21",39.560001,40.349998,39.16,40.139999,16976800,40.139999
"2020-12-22",40.43,40.490002,38.84,38.939999,13461200,38.939999
"2020-12-23",39.299999,40.470001,39.18,40.240002,12659700,40.240002
"2020-12-24",40.419998,40.439999,39.599998,39.73,5176400,39.73
"2020-12-28",40.27,40.779999,40.009998,40.150002,10654400,40.150002
"2020-12-29",40.84,40.84,39.900002,40.029999,8142800,40.029999
"2020-12-30",40,40.91,39.889999,40.560001,8504600,40.560001
"2020-12-31",40.299999,40.740002,39.759998,40.209999,8705700,40.209999
"2021-01-04",40.169998,40.34,38.330002,38.73,15123400,38.73
"2021-01-05",38.490002,40.09,38.450001,39.549999,12317200,39.549999
"2021-01-06",39.639999,40.900002,39.540001,40.380001,12881100,40.380001
"2021-01-07",40.450001,40.950001,40.209999,40.23,9136300,40.23
"2021-01-08",40.41,40.689999,39.77,40.02,9497500,40.02
"2021-01-11",39.080002,39.990002,38.900002,39.41,11748800,39.41
"2021-01-12",39.689999,40.41,39.16,40.299999,9725000,40.299999
"2021-01-13",40.009998,40.740002,39.630001,40.450001,10852500,40.450001
"2021-01-14",41.209999,42.639999,41.119999,41.470001,17658300,41.470001
"2021-01-15",41.669998,41.669998,39.959999,39.98,15465500,39.98
"2021-01-19",40.310001,40.650002,39.799999,40.310001,11530700,40.310001
"2021-01-20",40.689999,41.77,40.5,41.619999,11335700,41.619999
"2021-01-21",41.310001,41.43,40.169998,40.669998,11134200,40.669998
"2021-01-22",40,40.27,39.810001,40,11310100,40
"2021-01-25",39.630001,39.75,38.419998,38.900002,15964900,38.900002
"2021-01-26",39.259998,39.639999,38.98,39.32,10599400,39.32
"2021-01-27",38.630001,39.23,38.16,38.52,16953400,38.52
"2021-01-28",39.549999,40.369999,38.990002,40.080002,21654000,40.080002
"2021-01-29",39.27,39.830002,37.740002,37.959999,17989700,37.959999
"2021-02-01",38.349998,38.439999,37.419998,37.82,10332900,37.82
"2021-02-02",38.549999,38.880001,37.990002,38.799999,11854300,38.799999
"2021-02-03",38.869999,39.900002,38.700001,39.779999,12416000,39.779999
"2021-02-04",39.950001,41.07,39.939999,40.93,11431800,40.93
"2021-02-05",41.380001,41.400002,40.75,41.150002,10111900,41.150002
"2021-02-08",41.549999,43.459999,41.360001,43.240002,18296300,43.240002
"2021-02-09",42.959999,42.959999,41.810001,42.509998,10432100,42.509998
"2021-02-10",42.84,43.220001,42.16,42.900002,12011100,42.900002
"2021-02-11",42.700001,43.139999,42,42.720001,8549200,42.720001
"2021-02-12",42.509998,43.939999,42.41,43.290001,11490100,43.290001
"2021-02-16",43.990002,44.810001,43.779999,44.650002,13775500,44.650002
"2021-02-17",44.279999,44.5,43.540001,44.389999,10934400,44.389999
"2021-02-18",43.799999,44.549999,43.369999,44.380001,8747800,44.380001
"2021-02-19",44.619999,46.220001,44.549999,45.669998,14587700,45.669998
"2021-02-22",46.75,48.93,46.470001,47.740002,21573500,47.740002
"2021-02-23",48.130001,48.880001,45.700001,48.34,19193800,48.34
"2021-02-24",48.93,50.200001,48.619999,49.599998,17020900,49.599998
"2021-02-25",49.970001,50,47.23,48.25,15729800,48.25
"2021-02-26",47.700001,49.139999,47.279999,47.939999,14828000,47.939999
"2021-03-01",49.470001,49.959999,48.060001,48.060001,13812900,48.060001
"2021-03-02",48.099998,48.68,47.380001,48.23,11566800,48.23
"2021-03-03",48.619999,49.09,48.139999,48.349998,13642700,48.349998
"2021-03-04",48.32,48.41,45.32,46.959999,18062500,46.959999
"2021-03-05",46.91,47,43.009998,46.209999,20611800,46.209999
"2021-03-08",46.93,48.220001,46.700001,47.880001,17273000,47.880001
"2021-03-09",47.959999,48.080002,46.34,47.619999,11710100,47.619999
"2021-03-10",47.650002,48.580002,47.16,47.799999,10719300,47.799999
"2021-03-11",48.209999,48.959999,47.580002,48.32,11318600,48.32
"2021-03-12",48.349998,49.860001,48.080002,49.830002,15891800,49.830002
"2021-03-15",50.860001,52.279999,50.75,50.990002,19673700,50.990002
"2021-03-16",51.040001,51.139999,49.029999,49.389999,14281500,49.389999
"2021-03-17",49.029999,50.639999,49.009998,50.439999,13694400,50.439999
"2021-03-18",50.080002,50.98,48.93,49.18,13410100,49.18
"2021-03-19",49.040001,49.209999,47.830002,49,12123600,49
"2021-03-22",48.529999,48.619999,47.75,47.970001,10911100,47.970001
"2021-03-23",47.02,47.830002,45.450001,45.639999,13616800,45.639999
"2021-03-24",46.540001,47.400002,45.560001,45.610001,12120800,45.610001
"2021-03-25",44.790001,47.220001,44.52,47.009998,14469100,47.009998
"2021-03-26",47.5,47.939999,46.560001,47.66,12361400,47.66
"2021-03-29",47.66,48.099998,46.709999,47.32,9824200,47.32
"2021-03-30",47.700001,49.040001,47.419998,48.900002,10787500,48.900002
"2021-03-31",48.799999,49.02,48.110001,48.279999,9469200,48.279999
"2021-04-01",48.59,49.209999,48.279999,48.830002,9570000,48.830002
"2021-04-05",49.580002,50.98,49.470001,50.25,14599900,50.25
"2021-04-06",50.700001,51.810001,50.540001,51.650002,14652500,51.650002
"2021-04-07",51.799999,51.82,50.029999,50.200001,12244300,50.200001
"2021-04-08",49.75,50.209999,49.139999,49.810001,13546900,49.810001
"2021-04-09",49.810001,49.810001,48.830002,49.27,9785400,49.27
"2021-04-12",49.060001,49.139999,48.169998,48.82,11070300,48.82
"2021-04-13",47.450001,48.5,46.57,48.259998,18287600,48.259998
"2021-04-14",49.07,49.5,47.919998,48.169998,12520400,48.169998
"2021-04-15",48.860001,49.049999,46.150002,46.82,22267900,46.82
"2021-04-16",47,47.43,46.34,46.639999,12236400,46.639999
"2021-04-19",46.43,46.470001,45.630001,46.150002,9579400,46.150002
"2021-04-20",45.5,45.52,43.759998,44.450001,15627800,44.450001
"2021-04-21",44,45.740002,43.34,45.700001,16267100,45.700001
"2021-04-22",46.060001,46.330002,44.630001,44.650002,17303200,44.650002
"2021-04-23",44.810001,45.939999,44.450001,45.799999,9162700,45.799999
"2021-04-26",46.5,47.099998,46.119999,46.610001,11260000,46.610001
"2021-04-27",46.66,46.740002,46.09,46.34,8151600,46.34
"2021-04-28",46.25,46.75,46.09,46.439999,7209200,46.439999
"2021-04-29",46.91,47.009998,46.060001,46.380001,8222300,46.380001
"2021-04-30",46.029999,47.080002,45.900002,46.919998,9175200,46.919998
"2021-05-03",47.189999,47.23,46.080002,46.57,9382600,46.57
"2021-05-04",46.25,46.41,44.080002,44.66,14790400,44.66
"2021-05-05",44.700001,45.810001,44.560001,45.200001,10700100,45.200001
"2021-05-06",45.16,45.509998,44.16,44.93,9665700,44.93
"2021-05-07",44.869999,46.349998,44.77,46.110001,11195100,46.110001
"2021-05-10",46.299999,46.77,45.41,45.43,9054200,45.43
"2021-05-11",44.25,45.049999,43.610001,44.52,14139100,44.52
"2021-05-12",44.139999,44.740002,42.939999,43.029999,12187300,43.029999
"2021-05-13",43.400002,44.299999,42.939999,43.970001,11778100,43.970001
"2021-05-14",44.939999,46.439999,44.810001,46.310001,11537500,46.310001
"2021-05-17",46,46.830002,45.259998,46.75,11077700,46.75
"2021-05-18",46.950001,47.799999,46.389999,46.73,10684000,46.73
"2021-05-19",45.91,46.290001,45.130001,46.139999,11545800,46.139999
"2021-05-20",46.349998,46.369999,44.91,45.41,12341700,45.41
"2021-05-21",45.700001,46,45.110001,45.209999,9894400,45.209999
"2021-05-24",45.57,46.279999,45.009998,46.169998,8409100,46.169998
"2021-05-25",47.41,48.16,46.509998,46.669998,14657000,46.669998
"2021-05-26",47.049999,47.57,46.810001,47.490002,9746200,47.490002
"2021-05-27",48,48.200001,47.25,48.049999,8680700,48.049999
"2021-05-28",48.049999,48.060001,47.25,47.68,8370300,47.68
"2021-06-01",48.130001,48.540001,47.43,47.700001,11986200,47.700001
"2021-06-02",48,48.279999,47.419998,47.77,9108600,47.77
"2021-06-03",47.360001,47.380001,46.07,46.130001,11555600,46.130001
"2021-06-04",46.540001,46.73,45.68,45.98,7699400,45.98
"2021-06-07",45.990002,46.380001,45.889999,46.080002,6120200,46.080002
"2021-06-08",47.259998,47.380001,46.380001,47.040001,10714100,47.040001
"2021-06-09",47.349998,47.400002,46.48,46.52,6741200,46.52
"2021-06-10",47.200001,47.439999,45.990002,46.279999,9780800,46.279999
"2021-06-11",46.07,46.630001,46,46.5,8216100,46.5
"2021-06-14",46.330002,46.790001,45.720001,45.900002,11184200,45.900002
"2021-06-15",45.91,46.279999,45.310001,45.529999,7898500,45.529999
"2021-06-16",45.57,45.990002,45.130001,45.52,8565500,45.52
"2021-06-17",45.529999,46.049999,44.25,44.57,10144600,44.57
"2021-06-18",44.439999,45.380001,43.950001,44.959999,15219300,44.959999
"2021-06-21",45.040001,45.779999,44.82,45.77,9861400,45.77
"2021-06-22",45.77,45.790001,44.869999,45.369999,8499800,45.369999
"2021-06-23",45.360001,45.610001,45.009998,45.27,7406100,45.27
"2021-06-24",45.57,45.639999,44.59,44.91,9300300,44.91
"2021-06-25",44.919998,44.98,44.259998,44.43,23930400,44.43
"2021-06-28",44.099998,44.099998,42.580002,43.119999,17441500,43.119999
"2021-06-29",43,43.48,42.810001,42.869999,9477800,42.869999
"2021-06-30",42.830002,43.59,42.810001,43.259998,7845500,43.259998
"2021-07-01",43.5,44.419998,43.5,44.23,9873800,44.23
"2021-07-02",44.09,44.299999,43.720001,44.150002,5759900,44.150002
"2021-07-06",44.310001,44.540001,43,43.240002,7881000,43.240002
"2021-07-07",42.950001,43.470001,41.950001,42.540001,11858300,42.540001
"2021-07-08",41.720001,42.799999,41.119999,42.07,10363900,42.07
"2021-07-09",42.470001,43.200001,42.299999,42.919998,7707100,42.919998
"2021-07-12",42.369999,43.380001,42.029999,42.849998,10626000,42.849998
"2021-07-13",42.299999,42.549999,41.189999,41.330002,14610400,41.330002
"2021-07-14",41.529999,42.200001,40.119999,40.68,31085700,40.68
"2021-07-15",41.189999,42.27,40.68,41.349998,20896300,41.349998
"2021-07-16",41.830002,42.049999,39.84,40.060001,16726600,40.060001
"2021-07-19",38.27,39,37.560001,38.560001,27073800,38.560001
"2021-07-20",38.630001,40.82,38.43,40.66,17690600,40.66
"2021-07-21",41.009998,42.200001,41,41.610001,19145300,41.610001
"2021-07-22",41.34,41.560001,40.41,41.060001,10850600,41.060001
"2021-07-23",41.32,41.630001,40.32,40.41,10101600,40.41
"2021-07-26",40.34,41.700001,40.310001,41.669998,10014900,41.669998
"2021-07-27",41.360001,41.490002,40.5,40.959999,10508200,40.959999
"2021-07-28",41.369999,41.650002,40.630001,41.299999,7538600,41.299999
"2021-07-29",41.439999,41.630001,40.950001,41.23,8357400,41.23
"2021-07-30",40.650002,41.060001,39.75,39.900002,12202300,39.900002
"2021-08-02",40.040001,40.970001,39.400002,39.450001,11084800,39.450001
"2021-08-03",39.5,39.849998,38.549999,39.77,14670600,39.77
"2021-08-04",39.150002,39.48,37.900002,38.349998,23023700,38.349998
"2021-08-05",38.490002,40.16,38.470001,39.990002,15652400,39.990002
"2021-08-06",40.540001,40.68,39.48,40.32,11716100,40.32
"2021-08-09",40.02,40.02,38.75,39.290001,10985000,39.290001
"2021-08-10",39.349998,41.029999,39.209999,40.459999,13745300,40.459999
"2021-08-11",40,41.299999,39.68,41.299999,12452000,41.299999
"2021-08-12",41,41.130001,40.049999,40.529999,9802100,40.529999
"2021-08-13",40.310001,40.57,39.790001,39.900002,7211800,39.900002
"2021-08-16",39.450001,40.02,38.880001,39.93,10923400,39.93
"2021-08-17",39.25,39.459999,38.279999,38.779999,11442000,38.779999
"2021-08-18",38.689999,39.470001,38.400002,38.650002,8612300,38.650002
"2021-08-19",38.43,38.529999,37.310001,37.93,12294000,37.93
"2021-08-20",37.990002,38.25,37.75,38.119999,8213100,38.119999
"2021-08-23",38.790001,39.330002,38.630001,39.209999,8584700,39.209999
"2021-08-24",39.860001,40.869999,39.82,40.529999,10805000,40.529999
"2021-08-25",40.59,41.439999,40.16,41.299999,12455900,41.299999
"2021-08-26",41.110001,41.48,40.279999,40.77,10032900,40.77
"2021-08-27",40.849998,41.75,40.82,41.52,7936100,41.52
"2021-08-30",41.75,41.799999,39.880001,39.91,11882100,39.91
"2021-08-31",39.73,40.59,39.619999,40.439999,8627200,40.439999
"2021-09-01",40.57,40.580002,39.880001,40.400002,8434600,40.400002
"2021-09-02",40.450001,41.060001,39.860001,40.82,9345500,40.82
"2021-09-03",40.799999,41.189999,40.150002,40.25,6644300,40.25
"2021-09-07",40.18,40.52,39.84,40.349998,8233900,40.349998
"2021-09-08",40.400002,40.919998,39.599998,39.650002,7156100,39.650002
"2021-09-09",39.619999,41.77,39.450001,41.09,15509400,41.09
"2021-09-10",41.049999,41.130001,39.349998,39.360001,12501200,39.360001
"2021-09-13",39.700001,40.18,38.799999,40.18,11556300,40.18
"2021-09-14",39.84,40.18,39.220001,39.439999,8837700,39.439999
"2021-09-15",39.25,39.700001,38.82,39.639999,8175800,39.639999
"2021-09-16",39.869999,40.669998,39.68,40.220001,9485200,40.220001
"2021-09-17",40.549999,40.990002,39.790001,40.110001,11011500,40.110001
"2021-09-20",40.549999,40.84,39.419998,40.779999,16633900,40.779999
"2021-09-21",41.049999,41.740002,40.139999,40.360001,11837600,40.360001
"2021-09-22",40.68,41.950001,40.68,41.59,11599300,41.59
"2021-09-23",41.900002,42.77,41.720001,42.59,12651000,42.59
"2021-09-24",42.84,43.740002,42.669998,43.529999,13478500,43.529999
"2021-09-27",43.900002,45.060001,43.75,43.779999,14467500,43.779999
"2021-09-28",43.66,44.209999,43.310001,43.439999,9434700,43.439999
"2021-09-29",43.689999,43.990002,42.75,43.360001,9141100,43.360001
"2021-09-30",43.060001,43.080002,42.369999,42.610001,9789200,42.610001
"2021-10-01",43.950001,45.650002,43.889999,45.380001,19205700,45.380001
"2021-10-04",45.790001,46,44.810001,44.959999,13342500,44.959999
"2021-10-05",44.990002,45.560001,44.459999,44.740002,9596000,44.740002
"2021-10-06",43.709999,44.139999,43.220001,44.02,10145800,44.02
"2021-10-07",44.52,44.580002,43.52,43.68,8881200,43.68
"2021-10-08",43.790001,43.799999,43.09,43.380001,7340600,43.380001
"2021-10-11",42.990002,43.939999,42.720001,43.189999,9085700,43.189999
"2021-10-12",43.040001,43.810001,42.77,43.540001,10515200,43.540001
"2021-10-13",42.740002,42.740002,40.889999,41.029999,28236900,41.029999
"2021-10-14",41.18,41.490002,40.880001,41.200001,16285400,41.200001
"2021-10-15",41.889999,42.27,40.950001,40.990002,13860300,40.990002
"2021-10-18",40.669998,41.41,40.52,41.009998,10140200,41.009998
"2021-10-19",41.029999,41.07,40.34,40.450001,11314400,40.450001
"2021-10-20",40.150002,41.07,39.91,40.299999,15162600,40.299999
"2021-10-21",40.5,40.75,40.02,40.400002,10694400,40.400002
"2021-10-22",40.009998,40.389999,39.650002,39.740002,9461900,39.740002
"2021-10-25",39.799999,39.91,39.369999,39.509998,9090500,39.509998
"2021-10-26",39.91,40.290001,39.459999,39.709999,8951200,39.709999
"2021-10-27",39.84,39.93,39.02,39.07,8341800,39.07
"2021-10-28",39.139999,39.369999,38.830002,39.150002,7416000,39.150002
"2021-10-29",39.060001,39.5,38.810001,39.130001,9343800,39.130001
"2021-11-01",39.150002,40.450001,38.91,40.419998,11401300,40.419998
"2021-11-02",40.240002,40.5,39.830002,40.389999,7611200,40.389999
"2021-11-03",40.290001,41.349998,40.029999,41.240002,10010600,41.240002
"2021-11-04",41.459999,41.490002,40.580002,40.990002,9990300,40.990002
"2021-11-05",43.540001,44.419998,43.259998,44.290001,23651200,44.290001
"2021-11-08",45,45.52,44.5,44.650002,15006700,44.650002
"2021-11-09",44.43,44.57,43.720001,44.529999,9359100,44.529999
"2021-11-10",43.799999,44.470001,43.529999,43.709999,8698700,43.709999
"2021-11-11",43.779999,44.240002,43.450001,43.450001,6370700,43.450001
"2021-11-12",43.5,43.529999,41.869999,42.220001,10038900,42.220001
"2021-11-15",42.639999,42.939999,42.139999,42.380001,6938400,42.380001
"2021-11-16",42.099998,42.189999,40.900002,41.040001,11055500,41.040001
"2021-11-17",40.98,41.25,40.299999,40.709999,9025300,40.709999
"2021-11-18",40.75,40.77,39.439999,40.119999,11615800,40.119999
"2021-11-19",39.77,39.93,38.889999,39.689999,15033400,39.689999
"2021-11-22",39.880001,40.189999,39.220001,39.77,11991400,39.77
"2021-11-23",40.34,40.580002,39.25,39.529999,11074300,39.529999
"2021-11-24",39.18,40.07,38.919998,39.689999,7580500,39.689999
"2021-11-26",36.75,36.950001,34.599998,36.380001,38052100,36.380001
"2021-11-29",37.02,37.349998,35.970001,36.240002,21269600,36.240002
"2021-11-30",35.73,36.290001,35.220001,36.200001,20442900,36.200001
"2021-12-01",36.869999,37.34,33.400002,33.529999,34616800,33.529999
"2021-12-02",34.41,36.669998,33.759998,36.639999,36044800,36.639999
"2021-12-03",36.48,37.68,35.349998,35.98,25510200,35.98
"2021-12-06",37.25,39.330002,37.009998,38.139999,23060500,38.139999
"2021-12-07",38.599998,39.130001,37.77,38.040001,14593500,38.040001
"2021-12-08",38.5,39.889999,38.029999,38.880001,16355500,38.880001
"2021-12-09",38.220001,38.849998,38,38.5,10427800,38.5
"2021-12-10",38.419998,38.459999,37.59,38.18,12028500,38.18
"2021-12-13",37.360001,37.619999,36.419998,36.869999,12244800,36.869999
"2021-12-14",36.549999,37.529999,36.419998,36.529999,12638700,36.529999
"2021-12-15",36.529999,36.799999,35.540001,36.610001,13179900,36.610001
"2021-12-16",37.59,37.689999,35.66,35.799999,19944400,35.799999
"2021-12-17",36.040001,37.240002,35.59,36.560001,18115500,36.560001
"2021-12-20",35.549999,37.25,35.389999,36.369999,17475600,36.369999
"2021-12-21",36.830002,38.82,36.759998,38.52,17209900,38.52
"2021-12-22",38.490002,39.470001,38.169998,39.130001,11719500,39.130001
"2021-12-23",39.720001,39.889999,38.990002,39.299999,8478100,39.299999
"2021-12-27",38.259998,39.18,37.860001,39,10897600,39
"2021-12-28",38.779999,39.830002,38.52,39.630001,9974200,39.630001
"2021-12-29",39.330002,39.490002,38.990002,39.16,7311800,39.16
"2021-12-30",39.060001,39.740002,39.02,39.040001,8055600,39.040001
"2021-12-31",39.049999,39.459999,38.919998,39.080002,7166700,39.080002
"2022-01-03",39.790001,41.029999,39.639999,40.290001,12529800,40.290001
"2022-01-04",40.970001,41.279999,40.330002,40.59,12076300,40.59
"2022-01-05",40.98,41.279999,40.150002,40.279999,11214700,40.279999
"2022-01-06",40.82,41.110001,39.740002,40.110001,9304100,40.110001
"2022-01-07",40.720001,41.970001,40.439999,41.509998,13941600,41.509998
"2022-01-10",41.59,41.799999,40.189999,40.630001,13086400,40.630001
"2022-01-11",40.580002,41.529999,40.439999,41.23,11415300,41.23
"2022-01-12",41.25,41.59,40.560001,40.610001,12522300,40.610001
"2022-01-13",41.080002,42.540001,40.450001,41.470001,23251900,41.470001
"2022-01-14",40.790001,40.860001,39.549999,40.310001,17141100,40.310001
"2022-01-18",39.900002,40.439999,39.439999,39.540001,15088100,39.540001
"2022-01-19",39.5,39.799999,38.73,38.82,10958600,38.82
"2022-01-20",39.049999,40.16,38.759998,38.84,12935700,38.84
"2022-01-21",38.830002,38.830002,37.360001,37.860001,17872100,37.860001
"2022-01-24",36.950001,37.93,35.880001,37.91,19890100,37.91
"2022-01-25",37.5,38.869999,37.299999,38.720001,14674100,38.720001
"2022-01-26",39.310001,39.959999,38.34,38.759998,12451700,38.759998
"2022-01-27",39.240002,40.029999,38.029999,38.34,12297400,38.34
"2022-01-28",38.110001,38.389999,36.77,38.279999,12889100,38.279999
"2022-01-31",37.82,39.720001,37.66,39.689999,10657300,39.689999
"2022-02-01",39.799999,40.57,39.57,40.490002,9668800,40.490002
"2022-02-02",40.130001,40.959999,39.73,40.52,10249800,40.52
"2022-02-03",40,40.599998,39.68,39.73,9922000,39.73
"2022-02-04",39.59,40.09,39.09,39.849998,9481900,39.849998
"2022-02-07",40.470001,41.290001,40.419998,40.939999,11417500,40.939999
"2022-02-08",41.360001,42.720001,41,42.610001,14194800,42.610001
"2022-02-09",42.919998,44.509998,42.849998,43.880001,18904000,43.880001
"2022-02-10",43.43,44.73,43.310001,43.900002,13210100,43.900002
"2022-02-11",43.900002,44.799999,41.919998,42.330002,19893400,42.330002
"2022-02-14",42.380001,43.25,41.709999,41.970001,11581600,41.970001
"2022-02-15",43.459999,44.75,43.330002,44.490002,15528800,44.490002
"2022-02-16",44.099998,45.139999,43.98,44.41,14029100,44.41
"2022-02-17",43.77,44.130001,42.950001,43.310001,9463700,43.310001
"2022-02-18",43.099998,43.68,42.700001,42.84,11574900,42.84
"2022-02-22",41.689999,42.84,41.439999,41.889999,13329600,41.889999
"2022-02-23",42.299999,42.389999,40.110001,40.189999,12322200,40.189999
"2022-02-24",37.599998,40.490002,37.470001,40.330002,22659700,40.330002
"2022-02-25",40.759998,42,40.639999,41.540001,15398700,41.540001
"2022-02-28",40.330002,40.360001,39.02,39.919998,22808100,39.919998
"2022-03-01",39.5,39.59,37.380001,37.639999,21467500,37.639999
"2022-03-02",38.299999,38.779999,37.849998,38.040001,15773500,38.040001
"2022-03-03",38.490002,38.740002,36.380001,36.560001,17589100,36.560001
"2022-03-04",35.509998,35.869999,34.169998,34.52,23278800,34.52
"2022-03-07",34,34.200001,29.98,30.110001,34889300,30.110001
"2022-03-08",30.719999,32.740002,29.75,31.219999,29492100,31.219999
"2022-03-09",32.93,33.779999,32.560001,32.759998,25808000,32.759998
"2022-03-10",32.119999,33.41,31.52,32.549999,17588900,32.549999
"2022-03-11",33.310001,33.400002,32.009998,32.07,16978700,32.07
"2022-03-14",32,33.200001,31.65,32.07,17253800,32.07
"2022-03-15",34.740002,35.470001,33.990002,34.860001,27330200,34.860001
"2022-03-16",35.509998,36.950001,35.439999,36.93,23558200,36.93
"2022-03-17",35.709999,37.150002,35.369999,37.150002,17062300,37.150002
"2022-03-18",36.790001,37.919998,36.380001,37.68,18429600,37.68
"2022-03-21",37.130001,37.23,35.880001,36.09,18386400,36.09
"2022-03-22",36.450001,37.240002,36.330002,36.98,13587700,36.98
"2022-03-23",36.720001,36.790001,36.07,36.220001,12069300,36.220001
"2022-03-24",36.389999,37.27,35.959999,37.259998,11302400,37.259998
"2022-03-25",37.290001,38.240002,37.240002,37.91,11313100,37.91
"2022-03-28",38.419998,38.610001,37.439999,38.34,11430600,38.34
"2022-03-29",39.650002,40.259998,39.130001,39.52,15372200,39.52
"2022-03-30",39.099998,39.529999,38.91,39.330002,9363500,39.330002
"2022-03-31",39.400002,40.099998,39.240002,39.57,9930100,39.57
"2022-04-01",39.669998,39.900002,39.009998,39.310001,8606300,39.310001
"2022-04-04",39.220001,39.619999,38.709999,39.400002,9482700,39.400002
"2022-04-05",39.509998,39.869999,38.57,39.029999,12713400,39.029999
"2022-04-06",38.009998,38.060001,36.720001,37.59,16995200,37.59
"2022-04-07",37.369999,37.5,36.169998,37.130001,11688800,37.130001
"2022-04-08",36.98,37.34,36.509998,36.740002,8615600,36.740002
"2022-04-11",36.700001,38.560001,36.529999,38.209999,14142900,38.209999
"2022-04-12",38.360001,38.950001,37.77,38.619999,15762600,38.619999
"2022-04-13",40.209999,41.099998,39.810001,41.02,33528700,41.02
"2022-04-14",41.970001,42.869999,41.330002,42.360001,29128900,42.360001
"2022-04-18",42.080002,43.07,41.849998,42.130001,17011900,42.130001
"2022-04-19",42.810001,43.77,42.720001,43.040001,18453000,43.040001
"2022-04-20",43.279999,44.240002,43.189999,43.540001,17466800,43.540001
"2022-04-21",44.810001,46.27,44.540001,44.73,31849600,44.73
"2022-04-22",45.009998,45.349998,43.549999,43.689999,15557200,43.689999
"2022-04-25",43.400002,43.549999,42.23,43.27,15156900,43.27
"2022-04-26",42.830002,43.049999,41.549999,41.900002,14561200,41.900002
"2022-04-27",42.18,43.439999,41.759998,43.110001,13640400,43.110001
"2022-04-28",43.509998,44.419998,42.889999,44.330002,11953000,44.330002
"2022-04-29",44.169998,44.75,42.82,43.029999,13460500,43.029999
"2022-05-02",42.950001,43.400002,41.57,42.669998,13417100,42.669998
"2022-05-03",42.639999,43.689999,42.209999,43.349998,10401900,43.349998
"2022-05-04",42.759998,43.970001,42.34,43.849998,13381200,43.849998
"2022-05-05",43.150002,43.740002,41.799999,42.130001,11983100,42.130001
"2022-05-06",41.970001,41.970001,40.400002,41,12996000,41
"2022-05-09",40.290001,40.450001,38.02,38.25,18582900,38.25
"2022-05-10",38.860001,39.330002,37.849998,38.68,13950000,38.68
"2022-05-11",38.669998,39.919998,37.709999,37.889999,14402400,37.889999
"2022-05-12",37.310001,37.759998,35.700001,36.669998,17218100,36.669998
"2022-05-13",37.490002,38.450001,37.450001,38.330002,11594800,38.330002
"2022-05-16",38.32,39,38.110001,38.169998,11062500,38.169998
"2022-05-17",39.849998,40.82,39.209999,40.720001,13594300,40.720001
"2022-05-18",40.310001,40.830002,39.009998,39.310001,11216900,39.310001
"2022-05-19",38.75,39.919998,38.650002,39.240002,9564300,39.240002
"2022-05-20",39.900002,40.049999,37.639999,38.639999,10687600,38.639999
"2022-05-23",39.380001,39.990002,38.720001,39.52,9005200,39.52
"2022-05-24",38.82,38.950001,36.779999,37.220001,10856500,37.220001
"2022-05-25",37.080002,38.689999,37.029999,38.599998,10436800,38.599998
"2022-05-26",39.130001,41.240002,39,40.830002,15248300,40.830002
"2022-05-27",41,42.23,41,42.23,10730600,42.23
"2022-05-31",40.709999,42.450001,40.580002,41.689999,14691200,41.689999
"2022-06-01",42.130001,42.299999,39.23,39.540001,17573200,39.540001
"2022-06-02",39.400002,40.290001,39.220001,39.990002,13761600,39.990002
"2022-06-03",39.200001,39.419998,38.060001,38.540001,14797300,38.540001
"2022-06-06",39,39.290001,38.310001,39,12330400,39
"2022-06-07",38.369999,39.790001,38.25,39.740002,9604700,39.740002
"2022-06-08",38.84,39.529999,38.169998,38.220001,9643000,38.220001
"2022-06-09",38.099998,38.209999,36.709999,36.75,11976600,36.75
"2022-06-10",36,37.099998,35,35.119999,19434400,35.119999
"2022-06-13",34,34.099998,32.009998,32.209999,20879100,32.209999
"2022-06-14",32.599998,32.77,30.860001,31.379999,20521200,31.379999
"2022-06-15",32.02,32.740002,31.35,31.959999,20995200,31.959999
"2022-06-16",30.67,30.879999,29.209999,29.58,20696200,29.58
"2022-06-17",29.719999,30.48,28.76,30.26,28372800,30.26
"2022-06-21",30.799999,30.959999,29.76,30.049999,15125900,30.049999
"2022-06-22",29.92,30.49,29.6,30,16042000,30
"2022-06-23",29.889999,30.120001,28.790001,29.559999,15793200,29.559999
"2022-06-24",29.52,31.290001,29.52,31.200001,16932200,31.200001
"2022-06-27",31.33,31.4,30.34,30.440001,12782900,30.440001
"2022-06-28",31,32.240002,30.280001,30.33,14358200,30.33
"2022-06-29",29.969999,30.01,29.209999,29.639999,13101500,29.639999
