"","DLR.Open","DLR.High","DLR.Low","DLR.Close","DLR.Volume","DLR.Adjusted"
"2020-07-01",142.770004,148.699997,142.350006,147.389999,1180400,138.092102
"2020-07-02",149.300003,149.800003,147.770004,148.589996,1296800,139.2164
"2020-07-06",150,150.490005,147.220001,147.809998,1299900,138.485626
"2020-07-07",146.490005,148.429993,146.009995,147.490005,1280400,138.185806
"2020-07-08",148.429993,149.589996,145.639999,147.110001,1133500,137.829788
"2020-07-09",146.869995,147.990005,144.910004,147.029999,946100,137.754822
"2020-07-10",147.029999,148.570007,146.889999,147.389999,1727700,138.092102
"2020-07-13",147.850006,147.929993,142.050003,142.690002,1485200,133.688614
"2020-07-14",142.990005,147.289993,142.990005,146.779999,1059300,137.520599
"2020-07-15",148.770004,149.009995,142.979996,144.169998,1788800,135.075241
"2020-07-16",144.429993,145.139999,140.289993,140.460007,1535700,131.599304
"2020-07-17",141.100006,144.949997,139.940002,143.75,1112200,134.681732
"2020-07-20",143.789993,145.979996,143.25,144.240005,1041400,135.140823
"2020-07-21",146.179993,146.429993,142.380005,143.300003,1152100,134.260147
"2020-07-22",142.820007,145.149994,142.589996,144.869995,1077400,135.731094
"2020-07-23",145.360001,146.960007,144.360001,145.789993,1192900,136.593048
"2020-07-24",145.600006,147.240005,145.130005,146.990005,1104500,137.717377
"2020-07-27",146.429993,151.119995,145.440002,151.009995,1577900,141.483749
"2020-07-28",151.179993,154.419998,150.809998,153.970001,1711900,144.25705
"2020-07-29",154,157.369995,154,157.199997,1531800,147.283264
"2020-07-30",156.419998,159.419998,156.119995,158.729996,1956700,148.716751
"2020-07-31",162.130005,165.490005,158.649994,160.539993,4292100,150.412567
"2020-08-03",159.850006,161.570007,159.550003,160.660004,1513300,150.524994
"2020-08-04",159.529999,161.490005,159.020004,161.100006,1674600,150.937256
"2020-08-05",161.429993,161.5,158.710007,159.610001,966700,149.541245
"2020-08-06",158.899994,160,156.839996,157,867700,147.095886
"2020-08-07",156.550003,159.050003,156.220001,158.610001,971700,148.604309
"2020-08-10",158.589996,159.110001,155.570007,158.240005,1520400,148.25766
"2020-08-11",158.539993,158.539993,151.449997,151.630005,1422000,142.064651
"2020-08-12",151.919998,154.869995,151.5,154.440002,953000,144.697372
"2020-08-13",154.089996,155.089996,152.039993,152.139999,968800,142.54248
"2020-08-14",152.369995,155.139999,152.270004,153.320007,1294900,143.648041
"2020-08-17",153.339996,157,153.309998,156.520004,1098600,146.646164
"2020-08-18",156.550003,157.199997,154.809998,156.460007,762300,146.589966
"2020-08-19",157.199997,157.330002,151.410004,151.979996,1185400,142.392563
"2020-08-20",151.479996,156.039993,151.119995,155.149994,1055300,145.362564
"2020-08-21",155.759995,155.759995,152.779999,154.559998,757100,144.809814
"2020-08-24",154.25,154.740005,150.309998,152.850006,844400,143.207703
"2020-08-25",153.929993,155.809998,152.669998,154.75,1312800,144.987823
"2020-08-26",153.759995,154.089996,152.339996,153.960007,815600,144.247665
"2020-08-27",154.669998,155.580002,153.449997,153.699997,870000,144.004074
"2020-08-28",153.949997,154.350006,151.619995,154.289993,1049000,144.556824
"2020-08-31",154.910004,157,154.470001,155.649994,1328200,145.831039
"2020-09-01",155.110001,155.240005,152.100006,153.559998,735500,143.872879
"2020-09-02",152.339996,155.240005,151.309998,155,2040800,145.222031
"2020-09-03",154.770004,155.460007,146.660004,148.160004,1350000,138.813568
"2020-09-04",148.199997,148.990005,142.029999,145.179993,2312300,136.02153
"2020-09-08",144.600006,145.460007,140.339996,144.309998,2021800,135.206406
"2020-09-09",145.619995,149.759995,145.190002,147.580002,2120200,138.270142
"2020-09-10",147.110001,148.539993,145.449997,145.630005,928100,136.443161
"2020-09-11",146.580002,147.470001,145.110001,145.600006,1532200,136.415054
"2020-09-14",145.009995,146.339996,143.220001,144.279999,1745700,136.226227
"2020-09-15",144.860001,148.470001,144.839996,147.279999,1881900,139.058746
"2020-09-16",150,152.979996,149.369995,150.429993,2125400,142.032913
"2020-09-17",148.830002,149.690002,145.539993,146.729996,1855000,138.539444
"2020-09-18",145.690002,147.080002,144.029999,144.880005,2608700,136.792725
"2020-09-21",144.320007,144.649994,141.350006,141.860001,2085400,133.941315
"2020-09-22",141.600006,144.970001,141.089996,143.410004,1770700,135.404785
"2020-09-23",142.449997,143.25,138.710007,139.190002,2067300,131.420349
"2020-09-24",139.529999,143.110001,139.479996,141.25,1166500,133.365372
"2020-09-25",141.25,142.080002,139.75,142.020004,1225500,134.092377
"2020-09-28",144.179993,146.139999,143.839996,145.940002,1414600,137.793549
"2020-09-29",146,148.169998,145.740005,147.520004,1017500,139.285355
"2020-09-30",148.139999,148.789993,145.440002,146.759995,1656400,138.56778
"2020-10-01",146.889999,148.25,145.199997,147.25,1482900,139.030426
"2020-10-02",146.399994,149.779999,145.399994,149.350006,1726000,141.013199
"2020-10-05",149.070007,152.419998,147.139999,151.979996,1339300,143.496384
"2020-10-06",151.979996,153.479996,150.179993,153.029999,1222200,144.487778
"2020-10-07",153.580002,154.199997,152.190002,152.580002,1438100,144.062897
"2020-10-08",153.259995,158,153.139999,156.850006,1000800,148.094543
"2020-10-09",157.589996,158.699997,156.820007,158.339996,1205400,149.501358
"2020-10-12",158.270004,159.580002,156.929993,159.059998,1320700,150.181168
"2020-10-13",158.619995,159.509995,157.410004,157.979996,1120200,149.161484
"2020-10-14",157.990005,158.279999,155.389999,156.360001,1044500,147.631897
"2020-10-15",155.589996,158.660004,155,156.669998,1038600,147.924591
"2020-10-16",156.539993,158.990005,155.889999,157.699997,1336500,148.89711
"2020-10-19",158.160004,158.699997,154.529999,155.179993,1021000,146.517776
"2020-10-20",155.770004,156.639999,154.520004,155.600006,705900,146.914322
"2020-10-21",154.619995,156.389999,153.729996,154.869995,1025100,146.225067
"2020-10-22",154.789993,155,151.960007,152.300003,1223600,143.798538
"2020-10-23",152.5,152.869995,150.25,152.600006,743000,144.081802
"2020-10-26",151.759995,152.729996,150.460007,152.669998,878900,144.147873
"2020-10-27",152.979996,153.559998,150.660004,150.660004,737700,142.250076
"2020-10-28",148.729996,151.160004,148.160004,149.880005,995500,141.513611
"2020-10-29",149.869995,150.330002,147.559998,148.720001,1118100,140.418381
"2020-10-30",147.580002,147.580002,140.910004,144.300003,1855300,136.245087
"2020-11-02",146.259995,148.289993,145,145.949997,1175800,137.802994
"2020-11-03",147.479996,147.910004,145.339996,145.889999,1404600,137.746323
"2020-11-04",146.5,151.229996,146.160004,148.009995,2445200,139.748001
"2020-11-05",150.529999,151.399994,147.410004,147.509995,1874500,139.275909
"2020-11-06",148.339996,148.339996,146.429993,146.679993,2211100,138.492233
"2020-11-09",149.869995,150.830002,138,138.220001,3239100,130.504486
"2020-11-10",138.559998,138.949997,134.419998,135.820007,2867600,128.238449
"2020-11-11",138.190002,141.690002,137.270004,140.990005,2579100,133.119858
"2020-11-12",141.399994,142.610001,140.149994,141.399994,1263300,133.506973
"2020-11-13",142.610001,144.990005,141.009995,144.649994,1500900,136.575562
"2020-11-16",145,145.149994,140.410004,142,1875600,134.073486
"2020-11-17",141.860001,143.279999,140.389999,142.419998,1131600,134.470047
"2020-11-18",142.229996,145.110001,141.660004,142.399994,1812200,134.451157
"2020-11-19",141.970001,143.449997,140.410004,143,1229600,135.01767
"2020-11-20",143,144.320007,142.009995,142.699997,1457800,134.734421
"2020-11-23",142.649994,143.970001,139.729996,139.970001,1230700,132.156799
"2020-11-24",139.75,140.440002,131.910004,132.600006,3999800,125.198212
"2020-11-25",133.949997,135.940002,132.710007,135.75,3046600,128.172363
"2020-11-27",136.279999,136.820007,135.210007,136.729996,487100,129.097656
"2020-11-30",137,137.070007,134.270004,134.75,2116500,127.228157
"2020-12-01",135.839996,137.75,134.789993,135.130005,2106100,127.586967
"2020-12-02",134.75,135.220001,132.080002,132.160004,1680000,124.782761
"2020-12-03",133.649994,135.350006,133.020004,133.649994,1672800,126.189583
"2020-12-04",133.770004,135.800003,132.710007,135.470001,1805600,127.908005
"2020-12-07",135.229996,137.559998,134.789993,135.229996,1556900,127.681396
"2020-12-08",135.369995,136.389999,133.080002,133.369995,1927900,125.925209
"2020-12-09",133.449997,133.610001,129.720001,129.75,2580200,122.507278
"2020-12-10",130,131.169998,128.679993,129.660004,2774900,122.42231
"2020-12-11",129.220001,130.880005,128,130.270004,1767000,122.998253
"2020-12-14",129.160004,131.059998,128,128.089996,1847600,121.988747
"2020-12-15",128.270004,129.199997,126.790001,128.800003,2529300,122.66494
"2020-12-16",129.240005,130.779999,128.039993,129.580002,1494600,123.407784
"2020-12-17",130.199997,134.910004,130.199997,133.929993,2303000,127.550575
"2020-12-18",134.070007,134.949997,132.190002,134.020004,5403600,127.636292
"2020-12-21",131.979996,134.740005,131.279999,134.649994,2065700,128.236267
"2020-12-22",134.339996,138.600006,134.190002,138.539993,2023300,131.940994
"2020-12-23",139.229996,139.960007,136.789993,136.789993,1959300,130.274353
"2020-12-24",136.880005,138.169998,136.529999,137.429993,460100,130.883865
"2020-12-28",137.720001,138.880005,137.369995,138.610001,1140600,132.007645
"2020-12-29",139,139.570007,137.720001,138,1009200,131.426712
"2020-12-30",138.210007,139.779999,137.720001,138.350006,1032800,131.76004
"2020-12-31",138.190002,139.720001,137,139.509995,1019000,132.864792
"2021-01-04",139.990005,139.990005,135.089996,135.289993,1858100,128.845779
"2021-01-05",135.429993,136.279999,132.880005,132.960007,1614000,126.626793
"2021-01-06",132.130005,132.820007,130.059998,132.110001,1823800,125.817245
"2021-01-07",131.899994,134.160004,131.600006,133.610001,2187100,127.245827
"2021-01-08",133.509995,134.899994,132.009995,133.600006,2341500,127.236313
"2021-01-11",133.179993,133.369995,129.570007,131.270004,1917500,125.017273
"2021-01-12",130.990005,131.919998,130.050003,131.509995,1748700,125.245842
"2021-01-13",131.75,133.600006,131.75,133.149994,1272800,126.807724
"2021-01-14",132.940002,134.210007,131.630005,133.449997,1442200,127.093452
"2021-01-15",133.100006,136.649994,132.699997,136.479996,1762600,129.979111
"2021-01-19",139.199997,139.259995,137.080002,137.990005,1622100,131.417191
"2021-01-20",137.990005,141.419998,137.139999,140.720001,1814000,134.017166
"2021-01-21",140.009995,141.539993,139.139999,141.220001,1459500,134.493332
"2021-01-22",140.669998,142.039993,140.149994,140.460007,1109700,133.769531
"2021-01-25",141.039993,143.75,140.610001,142.630005,1651800,135.836166
"2021-01-26",142.289993,146,141.860001,145.850006,1167100,138.902817
"2021-01-27",145.360001,149.690002,144,149.169998,2866100,142.064636
"2021-01-28",147.119995,149.089996,144.699997,144.869995,3027600,137.969467
"2021-01-29",143.830002,147.380005,141.850006,143.949997,3433600,137.093292
"2021-02-01",144.399994,148.25,143.389999,148.210007,1954200,141.150375
"2021-02-02",149,150.429993,147.899994,148.610001,1231100,141.531342
"2021-02-03",148.360001,148.360001,145.990005,147.320007,1283000,140.302795
"2021-02-04",147.139999,147.339996,142.860001,145.050003,2725400,138.1409
"2021-02-05",145.050003,147,144.649994,145.559998,1478600,138.626602
"2021-02-08",145.020004,146.660004,144.210007,146.369995,1025400,139.398026
"2021-02-09",146.369995,148.350006,145.809998,148.240005,1220800,141.178955
"2021-02-10",149.5,149.960007,146.059998,147.529999,801900,140.502777
"2021-02-11",147.190002,148.75,143.940002,144.820007,1521700,137.92186
"2021-02-12",144,145,138.350006,140.059998,1957100,133.388596
"2021-02-16",140.830002,140.860001,135.800003,137.199997,2529600,130.664795
"2021-02-17",136.919998,138.660004,136.729996,138.279999,1203100,131.69339
"2021-02-18",137.660004,139,137.130005,137.940002,1011900,131.369568
"2021-02-19",138.059998,139.460007,136.410004,136.449997,1446600,129.950546
"2021-02-22",135.550003,138.059998,134.5,137.600006,1647200,131.045776
"2021-02-23",138.360001,138.850006,135.839996,137.300003,1776700,130.76004
"2021-02-24",136.729996,137.639999,134.699997,135.149994,1243500,128.712448
"2021-02-25",135,137.210007,133.169998,134.369995,1386600,127.969597
"2021-02-26",134.929993,138,134.509995,134.729996,2722100,128.312469
"2021-03-01",135.589996,137.020004,132.300003,132.960007,1930900,126.626793
"2021-03-02",132.880005,133.809998,129.880005,131.119995,1761900,124.87442
"2021-03-03",130.5,131,125.120003,125.660004,2075700,119.674507
"2021-03-04",126.150002,131.039993,124.650002,129,2959700,122.855408
"2021-03-05",129,132.589996,126.330002,132,2783300,125.712509
"2021-03-08",131.970001,135,130.029999,132.179993,2053600,125.883919
"2021-03-09",133.539993,137.449997,133.25,135.080002,1728900,128.645798
"2021-03-10",135.619995,136.779999,134.279999,135.350006,1811900,128.902939
"2021-03-11",135.649994,137.229996,134.389999,134.850006,1648800,128.426773
"2021-03-12",131.600006,134.320007,130.220001,134.190002,2864000,128.907074
"2021-03-15",134.580002,135.649994,134.089996,135.070007,2388700,129.752411
"2021-03-16",135.5,136.410004,135.110001,135.679993,1737300,130.338394
"2021-03-17",135.25,135.729996,134.029999,134.679993,1782900,129.377777
"2021-03-18",133.679993,135.059998,132.259995,134.160004,1174300,128.87825
"2021-03-19",134.160004,137.589996,133.399994,133.509995,2355000,128.25383
"2021-03-22",133.839996,136.809998,133.509995,136.550003,1422300,131.174164
"2021-03-23",137.130005,140.199997,136.580002,140,1629100,134.488327
"2021-03-24",139.190002,141.089996,138.110001,140.089996,2166100,134.574799
"2021-03-25",140.070007,140.729996,137.770004,138.360001,1763100,132.912903
"2021-03-26",138.270004,143.100006,137.639999,142.910004,1867300,137.283768
"2021-03-29",142.949997,145.050003,141.070007,144.550003,1270500,138.859207
"2021-03-30",143.669998,144.119995,140.759995,141.240005,1322800,135.67952
"2021-03-31",140.669998,142.369995,138.699997,140.839996,1600700,135.295273
"2021-04-01",141.660004,143.369995,140.550003,143.25,1334100,137.610397
"2021-04-05",143.539993,145.869995,142.720001,145.770004,1268000,140.031174
"2021-04-06",145.410004,145.649994,143.070007,144.669998,1266600,138.974503
"2021-04-07",145.259995,145.350006,142.520004,142.899994,1726700,137.274155
"2021-04-08",144.050003,145.809998,141.660004,141.880005,1510700,136.294327
"2021-04-09",142,142.050003,140.320007,141.259995,1385000,135.698715
"2021-04-12",141.490005,143.669998,140.289993,143.520004,974400,137.869766
"2021-04-13",143.600006,146.460007,143.339996,146.190002,1288800,140.434631
"2021-04-14",145.75,146.289993,143.419998,143.619995,725000,137.965836
"2021-04-15",144.479996,147.399994,144.410004,147.240005,965800,141.443314
"2021-04-16",147.559998,147.779999,145.509995,145.960007,1292200,140.213715
"2021-04-19",146.199997,147.979996,145.399994,147.759995,774500,141.942825
"2021-04-20",148.009995,151.779999,148.009995,150.940002,1382100,144.997635
"2021-04-21",151.929993,152.300003,150.300003,150.820007,1434100,144.88237
"2021-04-22",150.309998,150.660004,148.970001,149.050003,1066500,143.182037
"2021-04-23",148.880005,149.820007,147.720001,149.039993,697400,143.172424
"2021-04-26",149.509995,149.509995,147.740005,148.229996,1345800,142.394302
"2021-04-27",148.899994,148.899994,146.690002,147.929993,1082500,142.106125
"2021-04-28",148.389999,148.5,146.589996,147.169998,1151600,141.376053
"2021-04-29",147.529999,149.039993,145.270004,149.039993,1656100,143.172424
"2021-04-30",150,154.559998,149.660004,154.309998,2837200,148.23497
"2021-05-03",153.419998,153.770004,150.570007,151.669998,1607800,145.698898
"2021-05-04",151.649994,154.130005,151.539993,153.009995,1553100,146.98616
"2021-05-05",152.220001,152.600006,149.649994,150.160004,1453600,144.248337
"2021-05-06",150,150.910004,148.199997,149.529999,1129600,143.643143
"2021-05-07",150.050003,151.399994,148.850006,151.179993,1312400,145.228195
"2021-05-10",151.880005,152.509995,150.740005,151.029999,954300,145.084091
"2021-05-11",150.539993,150.539993,147.789993,148.649994,1118300,142.797791
"2021-05-12",148.050003,148.979996,146.309998,147.119995,1094600,141.328033
"2021-05-13",147.25,149.990005,146.119995,148.940002,1847400,143.076355
"2021-05-14",149.309998,149.910004,148.080002,148.880005,555700,143.018753
"2021-05-17",149.020004,150.479996,148.110001,148.220001,791400,142.384705
"2021-05-18",147.699997,150.539993,146.759995,149.910004,907300,144.008179
"2021-05-19",150.039993,151.160004,148.210007,150.009995,763700,144.104248
"2021-05-20",150.160004,153.139999,149.639999,151.25,822700,145.295425
"2021-05-21",150.339996,151.889999,150.25,150.899994,644400,144.959198
"2021-05-24",151.600006,152.229996,150.559998,151.220001,913200,145.266602
"2021-05-25",151.220001,152.720001,150,152.440002,775800,146.438583
"2021-05-26",152.770004,153.369995,150.740005,150.960007,887000,145.016861
"2021-05-27",150.960007,151.839996,149.580002,150.169998,979200,144.257965
"2021-05-28",151.330002,152.710007,150.169998,151.559998,800600,145.593231
"2021-06-01",152.179993,153.169998,151.559998,153.149994,815700,147.120621
"2021-06-02",153.610001,154.809998,152.720001,154.759995,1536200,148.667252
"2021-06-03",155,156.130005,153.630005,155.429993,1683400,149.310867
"2021-06-04",156.199997,156.580002,155,155.179993,1030100,149.070724
"2021-06-07",156.059998,159.100006,155.5,158.5,1543600,152.259995
"2021-06-08",158.979996,160.869995,158.399994,160.020004,1680100,153.720184
"2021-06-09",161.240005,162.139999,160.190002,160.880005,1424200,154.54631
"2021-06-10",160.190002,164.039993,159.100006,163.940002,1123900,157.48584
"2021-06-11",163.059998,163.5,161.440002,162.199997,1185500,155.814346
"2021-06-14",161.139999,162.399994,160.369995,162.330002,1062100,157.062485
"2021-06-15",162.050003,162.440002,159.270004,159.369995,1034800,154.198517
"2021-06-16",160.270004,161.940002,157.449997,157.570007,2547000,152.456955
"2021-06-17",157,157.759995,155.009995,156.690002,2104600,151.605499
"2021-06-18",156.830002,157.529999,154.070007,154.199997,4174800,149.196289
"2021-06-21",154.570007,156.289993,153.100006,155.679993,1593700,150.628281
"2021-06-22",155.570007,156.619995,154.889999,154.889999,1185000,149.863922
"2021-06-23",154.429993,154.529999,149.960007,151.949997,1944100,147.019302
"2021-06-24",151.949997,152.929993,149.699997,150.029999,1543900,145.161606
"2021-06-25",150.179993,152.440002,149.710007,152.210007,1041000,147.270889
"2021-06-28",152.690002,153.419998,151.820007,152.690002,1066500,147.735291
"2021-06-29",152.259995,153.889999,151.720001,152.410004,929200,147.464371
"2021-06-30",152.339996,153.580002,150.259995,150.460007,1333500,145.577682
"2021-07-01",150.580002,151.559998,149.740005,149.839996,1556900,144.977783
"2021-07-02",150.380005,151.619995,149.660004,150.270004,1187100,145.393829
"2021-07-06",150.270004,152.520004,149.880005,152.320007,1398100,147.377304
"2021-07-07",152.589996,154.630005,151.139999,153.889999,1648100,148.896362
"2021-07-08",153.710007,155.410004,153.309998,154.580002,1072800,149.563965
"2021-07-09",155.100006,155.820007,154.539993,155.759995,1279700,150.705673
"2021-07-12",156.229996,158.059998,155.5,157.679993,1021800,152.56337
"2021-07-13",157.600006,158,154.990005,155.490005,774000,150.444443
"2021-07-14",155.389999,157.75,155.119995,157.360001,733700,152.253769
"2021-07-15",157.889999,158.5,156.100006,157.089996,624100,151.992508
"2021-07-16",157.380005,158.759995,156.770004,157.320007,738700,152.215073
"2021-07-19",157.520004,158.580002,155.100006,156.320007,1557500,151.247498
"2021-07-20",156.619995,157.800003,156.25,157,958600,151.905426
"2021-07-21",156.600006,156.619995,154.410004,154.679993,922900,149.660721
"2021-07-22",154.229996,154.880005,153.330002,153.979996,805600,148.983444
"2021-07-23",153.820007,155.089996,152.729996,154.860001,737500,149.834869
"2021-07-26",154.270004,154.449997,152.850006,153.779999,974100,148.789917
"2021-07-27",153.779999,155.75,152.850006,155.380005,814500,150.338013
"2021-07-28",155.309998,155.330002,153.369995,154.160004,765300,149.157578
"2021-07-29",154.679993,154.889999,149.800003,150.490005,1613800,145.606689
"2021-07-30",154.490005,157.690002,153.380005,154.160004,1819400,149.157578
"2021-08-02",154.350006,156.610001,153,154.740005,862300,149.718765
"2021-08-03",154.770004,156.550003,153.970001,155.149994,1073300,150.115463
"2021-08-04",155.490005,157.119995,154.350006,155.929993,828400,150.870163
"2021-08-05",156.399994,156.619995,154.089996,155.960007,1107600,150.8992
"2021-08-06",155.800003,157.949997,155.520004,157.080002,758900,151.982849
"2021-08-09",156.720001,158.050003,156.220001,157.669998,1477100,152.553696
"2021-08-10",157.550003,157.75,154.240005,154.369995,895500,149.360779
"2021-08-11",154.649994,156.960007,154.330002,156.460007,752800,151.382965
"2021-08-12",156.550003,158.050003,155.169998,157.520004,868100,152.408569
"2021-08-13",158.160004,159.179993,157.639999,159.100006,477200,153.937302
"2021-08-16",158.889999,161.699997,158.190002,161.399994,1011200,156.162659
"2021-08-17",161.119995,162.369995,160.009995,161.619995,815000,156.375519
"2021-08-18",161.199997,161.820007,158.889999,159.649994,1273700,154.469437
"2021-08-19",160.360001,163.610001,159.589996,162.899994,1136400,157.613983
"2021-08-20",162.649994,164.25,161.779999,162.770004,1007500,157.48822
"2021-08-23",162.179993,163.389999,161.399994,162.089996,1215400,156.830261
"2021-08-24",162.190002,162.289993,160,161.580002,949400,156.336807
"2021-08-25",160.679993,161.050003,157.080002,158.630005,1244800,153.482544
"2021-08-26",158.300003,159.529999,157.539993,158.860001,791100,153.705093
"2021-08-27",159.600006,160.449997,158.75,160.110001,904600,154.914536
"2021-08-30",160.100006,162.449997,159.339996,162.419998,1133300,157.149567
"2021-08-31",162.440002,164.160004,161,163.910004,1272700,158.591217
"2021-09-01",164.399994,166.830002,163.419998,166.600006,1169100,161.193939
"2021-09-02",167,168.070007,164.779999,168,1109300,162.548508
"2021-09-03",167.300003,168.300003,165.990005,167.600006,1296200,162.161469
"2021-09-07",166.929993,166.929993,164.270004,166.399994,1343800,161.000397
"2021-09-08",165.740005,168.300003,165.509995,166.139999,1400300,160.748856
"2021-09-09",159.139999,160.449997,157.759995,157.880005,5111700,152.756882
"2021-09-10",158.169998,158.979996,155.190002,155.369995,2428000,150.328339
"2021-09-13",156.059998,156.809998,153.600006,154.710007,1617900,149.689758
"2021-09-14",153.869995,154.75,153.240005,154.210007,1077300,150.33316
"2021-09-15",154.149994,156.759995,153.779999,156.020004,1695700,152.097656
"2021-09-16",156.020004,156.759995,154.009995,156.410004,968000,152.477859
"2021-09-17",155.059998,157.990005,155.059998,156.800003,2601700,152.858047
"2021-09-20",156.210007,157.729996,154.889999,157.309998,1447600,153.355209
"2021-09-21",157.369995,158.649994,156.550003,157.160004,1785900,153.209
"2021-09-22",157.669998,160.089996,157.399994,159.529999,1789400,155.519424
"2021-09-23",159.800003,160,153.960007,154.679993,1523600,150.791336
"2021-09-24",154.350006,155.009995,152.110001,152.720001,1083700,148.880615
"2021-09-27",151.929993,152.889999,147.600006,147.779999,1514600,144.064789
"2021-09-28",146.770004,147.009995,143.009995,146.089996,2709000,142.417297
"2021-09-29",146.220001,148.199997,146.220001,146.759995,1128000,143.07045
"2021-09-30",147.270004,147.639999,144.369995,144.449997,995500,140.818527
"2021-10-01",145.419998,146.419998,144.050003,145.059998,889900,141.413177
"2021-10-04",144.520004,146.039993,143.830002,145.449997,1177400,141.793365
"2021-10-05",143,144.149994,141,142.699997,1694700,139.112503
"2021-10-06",142.460007,145.119995,140.880005,145.100006,1449300,141.452194
"2021-10-07",145.779999,146.770004,143.429993,143.690002,1022800,140.077637
"2021-10-08",143.380005,143.380005,140.259995,140.660004,1066700,137.12381
"2021-10-11",140.270004,140.75,139.449997,139.729996,1065700,136.217178
"2021-10-12",139.979996,142.240005,139.309998,141.869995,1372400,138.303391
"2021-10-13",142.130005,144.410004,141.479996,144.330002,1537400,140.701538
"2021-10-14",145.630005,149.429993,145.440002,148.949997,1631200,145.205399
"2021-10-15",149.570007,149.990005,146.800003,147.539993,1323900,143.830826
"2021-10-18",146.869995,148.050003,146.110001,147.539993,1783500,143.830826
"2021-10-19",147.570007,150.110001,146.759995,149.910004,1699600,146.141251
"2021-10-20",150.75,154.270004,150.380005,153.160004,1330500,149.30954
"2021-10-21",153.020004,154.869995,152.330002,154.779999,980900,150.888824
"2021-10-22",155,157.100006,153.979996,156.889999,969400,152.945786
"2021-10-25",156.910004,157.350006,155.130005,156.720001,1087300,152.78006
"2021-10-26",157.320007,158.279999,156.570007,157.25,1143000,153.296722
"2021-10-27",161.990005,161.990005,156.619995,156.889999,1319000,152.945786
"2021-10-28",157.330002,160.229996,157.059998,160.089996,930500,156.065338
"2021-10-29",159.039993,160.5,157.009995,157.809998,1512900,153.842651
"2021-11-01",157.490005,158.149994,155.070007,158.070007,907800,154.096115
"2021-11-02",158.789993,159.169998,157.119995,157.970001,847800,153.998627
"2021-11-03",158.360001,159.669998,157.330002,158.5,1216000,154.515305
"2021-11-04",158.720001,159.270004,155.970001,156.160004,1051000,152.234146
"2021-11-05",156.809998,157.25,154.399994,155.470001,773500,151.561478
"2021-11-08",155.75,156.419998,153.889999,156.059998,862600,152.136642
"2021-11-09",156.550003,159.509995,156.410004,157.149994,1243900,153.199249
"2021-11-10",156.600006,157.990005,154.029999,154.110001,855800,150.235672
"2021-11-11",154.039993,154.639999,151.860001,153.669998,730800,149.806732
"2021-11-12",154.020004,156.529999,153.350006,156.320007,1062600,152.390121
"2021-11-15",158,162.580002,158,161.199997,1851200,157.14743
"2021-11-16",161.410004,162.350006,160.5,161.710007,1583300,157.644608
"2021-11-17",161.080002,164.279999,160.830002,164.110001,1325800,159.984268
"2021-11-18",164.740005,165.300003,161.610001,164.300003,949100,160.169495
"2021-11-19",165.470001,166.5,164.369995,165.580002,1550800,161.417313
"2021-11-22",164.5,165.490005,162.779999,163.179993,947700,159.077652
"2021-11-23",163.330002,166.139999,163.179993,165.110001,1249800,160.959137
"2021-11-24",165.839996,166.75,164.850006,166.210007,1183900,162.031479
"2021-11-26",164.970001,168.539993,164,164.759995,1044100,160.61792
"2021-11-29",165.889999,169.970001,163.589996,168.789993,1400700,164.5466
"2021-11-30",167.979996,169.820007,166.949997,167.740005,2684700,163.52301
"2021-12-01",168.690002,169.210007,162.710007,162.839996,1875600,158.746201
"2021-12-02",163.360001,166.869995,163.059998,165.699997,1281000,161.534302
"2021-12-03",165.860001,166.759995,163.490005,165.279999,1369300,161.124863
"2021-12-06",165.820007,166.979996,164.050003,165.149994,1016300,160.998108
"2021-12-07",166.240005,167.619995,165,167.419998,1350200,163.211044
"2021-12-08",167.100006,168.5,165.770004,168.110001,1046000,163.883713
"2021-12-09",168.300003,168.300003,164.809998,166.320007,1121300,162.138718
"2021-12-10",166.690002,168.300003,165.470001,167.100006,1179000,162.899124
"2021-12-13",167.050003,172.419998,166.75,171.419998,1561800,167.110489
"2021-12-14",170,170,165.389999,167.240005,1237600,164.146378
"2021-12-15",167.75,170.380005,166.339996,170.369995,1320900,167.21846
"2021-12-16",170.509995,172.649994,169.899994,171.990005,1138600,168.808502
"2021-12-17",172.330002,174.639999,170.5,171.539993,2835900,168.366806
"2021-12-20",170.279999,172.809998,169.669998,171.149994,1041700,167.984024
"2021-12-21",172.039993,173.369995,169.289993,169.880005,1194500,166.737534
"2021-12-22",170.410004,171.410004,169.039993,171.410004,1285400,168.239227
"2021-12-23",171.529999,171.529999,168.809998,169.809998,943400,166.668823
"2021-12-27",170.929993,173.589996,169.779999,173.5,1290000,170.290558
"2021-12-28",173.440002,174.960007,172.369995,174.860001,1106700,171.625412
"2021-12-29",175.070007,176.009995,174.020004,175.259995,624300,172.018005
"2021-12-30",175.330002,176.529999,175.179993,176.089996,622600,172.832657
"2021-12-31",176.539993,178.220001,176.100006,176.869995,752000,173.598221
"2022-01-03",176.860001,177.149994,171.710007,175.089996,1000700,171.851151
"2022-01-04",174.5,175,168.220001,169.089996,1531600,165.962143
"2022-01-05",166.580002,167.350006,162.820007,162.880005,1470500,159.867035
"2022-01-06",161.330002,162.240005,157.619995,160.800003,1709400,157.8255
"2022-01-07",159.860001,162.220001,158.429993,161.059998,1265700,158.080688
"2022-01-10",158.580002,161,155.130005,159.240005,1172300,156.294357
"2022-01-11",159.149994,159.429993,156.350006,159.029999,817300,156.088242
"2022-01-12",158.309998,160.979996,157.889999,158.949997,1060200,156.009705
"2022-01-13",159.210007,159.880005,157.149994,157.619995,1004100,154.7043
"2022-01-14",155.229996,156.5,153.259995,155.880005,1395600,152.996506
"2022-01-18",154.550003,156.589996,153.440002,155.869995,1502000,152.986694
"2022-01-19",156.559998,157.869995,154.910004,154.929993,1113300,152.064056
"2022-01-20",155.100006,158,154.809998,155.399994,1304200,152.525375
"2022-01-21",156.580002,157.25,154.779999,154.949997,1825400,152.08371
"2022-01-24",154.169998,154.259995,150.869995,153.910004,2383200,151.062958
"2022-01-25",153.149994,154.460007,151.770004,152.669998,1478800,149.845871
"2022-01-26",153.009995,153.850006,147.199997,147.729996,1372400,144.997269
"2022-01-27",148.619995,150.089996,144.449997,145.259995,1275100,142.572952
"2022-01-28",145.800003,149.009995,143.800003,148.880005,1948300,146.125992
"2022-01-31",149.050003,150.330002,147.880005,149.229996,2902000,146.469513
"2022-02-01",149.440002,149.440002,146.600006,147.740005,1984900,145.007095
"2022-02-02",147.960007,149.929993,147.75,149.229996,1816300,146.469513
"2022-02-03",148.850006,149,146.630005,147,1501600,144.280777
"2022-02-04",145.740005,147,144.570007,145.160004,1320600,142.474808
"2022-02-07",145.289993,146.880005,145.089996,146.050003,1812400,143.348343
"2022-02-08",145.75,145.779999,143.5,143.580002,1408900,140.924042
"2022-02-09",145.270004,147.470001,145.020004,146.919998,1563700,144.20224
"2022-02-10",144.169998,144.960007,139.580002,140.210007,1393000,137.616364
"2022-02-11",140.589996,140.779999,135.820007,136.289993,3829600,133.768875
"2022-02-14",136.529999,137.289993,135.259995,136.139999,1939300,133.621658
"2022-02-15",138.25,138.740005,136.039993,136.529999,1494800,134.00444
"2022-02-16",136.179993,136.559998,133.970001,134.600006,3146000,132.110153
"2022-02-17",134.660004,139.100006,134.610001,137.759995,3676800,135.211685
"2022-02-18",135.589996,136.149994,131.119995,135.199997,3174400,132.699036
"2022-02-22",135.770004,138.259995,134.199997,136,1980500,133.484253
"2022-02-23",136.520004,138.479996,131.949997,132.229996,2768300,129.783981
"2022-02-24",130.539993,134.619995,130.100006,134.339996,3425100,131.85495
"2022-02-25",135,138.25,134.020004,137.899994,1678900,135.349106
"2022-02-28",136.380005,137.380005,133.199997,134.919998,2864900,132.424225
"2022-03-01",136.089996,136.539993,133.300003,134.119995,1694800,131.639023
"2022-03-02",134.580002,135.929993,133.169998,135.309998,1774700,132.807007
"2022-03-03",136.080002,137.979996,134.630005,137.240005,1129000,134.701324
"2022-03-04",136.199997,139.789993,136.139999,139.240005,1521000,136.664322
"2022-03-07",138.919998,139.470001,135.869995,136.119995,1187800,133.60202
"2022-03-08",135.070007,136.639999,132.570007,133.490005,1530100,131.020676
"2022-03-09",135.809998,137.119995,134.669998,135.449997,952600,132.944427
"2022-03-10",133.460007,135.630005,132.199997,135.289993,1145000,132.787384
"2022-03-11",136.020004,136.699997,134.880005,135.679993,1412400,133.170151
"2022-03-14",135,135.229996,131.710007,132.589996,2045600,131.3181
"2022-03-15",133.580002,135.279999,132.720001,135.149994,1302900,133.853546
"2022-03-16",136.429993,137.410004,133.940002,136.070007,1183400,134.764725
"2022-03-17",135.460007,138.649994,135.460007,138.220001,966500,136.894104
"2022-03-18",138.210007,139.690002,137.899994,138.990005,2515200,137.656708
"2022-03-21",138.479996,140.570007,136.399994,137.179993,902900,135.864059
"2022-03-22",137.610001,139.220001,136.830002,138.419998,1659600,137.092178
"2022-03-23",138,138.649994,136.220001,136.649994,934700,135.339157
"2022-03-24",136.479996,137.669998,136.350006,137.649994,686500,136.329559
"2022-03-25",138.429993,138.570007,136.979996,138.229996,819200,136.903992
"2022-03-28",138.940002,141.130005,138.539993,140.889999,1093400,139.538483
"2022-03-29",142.009995,145.479996,141.949997,144.710007,1467300,143.321838
"2022-03-30",143.869995,144.990005,142.979996,144.160004,868700,142.777115
"2022-03-31",144.800003,145.330002,141.759995,141.800003,1919100,140.439758
"2022-04-01",142.419998,146.009995,142.119995,145.899994,965200,144.500412
"2022-04-04",145.789993,146.740005,143.529999,146.550003,1390600,145.144196
"2022-04-05",145.610001,148.399994,145.330002,146.410004,931800,145.005539
"2022-04-06",146.089996,149.25,145.199997,149.070007,1083300,147.640015
"2022-04-07",148.490005,148.970001,146.270004,148.169998,1222400,146.748642
"2022-04-08",148.110001,150.139999,147.550003,149.979996,1168400,148.541275
"2022-04-11",150.350006,150.679993,145.100006,145.470001,987400,144.074554
"2022-04-12",144.580002,146.139999,143.899994,145.520004,1419200,144.124069
"2022-04-13",145.020004,148.320007,145.020004,147.149994,1195900,145.738434
"2022-04-14",147.25,147.710007,144.669998,145.020004,1366300,143.628876
"2022-04-18",145.029999,145.75,144.070007,145.039993,1024000,143.648666
"2022-04-19",145.520004,150.889999,145.520004,150.350006,1476000,148.907745
"2022-04-20",150.389999,153.5,149.630005,152.669998,1453100,151.205475
"2022-04-21",152.910004,152.979996,150.179993,150.339996,1601700,148.897827
"2022-04-22",150.369995,151.639999,149.190002,149.759995,1606900,148.323395
"2022-04-25",150,151.850006,148.570007,151.559998,2210600,150.106125
"2022-04-26",151.070007,151.960007,149.550003,149.610001,1722200,148.174835
"2022-04-27",149.899994,151.779999,148.039993,148.240005,1771500,146.817978
"2022-04-28",149.119995,151.800003,146.440002,151.5,1937400,150.046707
"2022-04-29",151.380005,152.740005,145.419998,146.119995,2383100,144.718307
"2022-05-02",145.759995,146.380005,138.330002,141.279999,1758600,139.924744
"2022-05-03",141.929993,144.009995,140.289993,142.259995,1479600,140.89534
"2022-05-04",141.610001,144.979996,140.169998,144.660004,1299500,143.272324
"2022-05-05",144.350006,144.889999,140.110001,141.360001,1323200,140.003967
"2022-05-06",139.929993,141.850006,138.880005,141.080002,1081300,139.726669
"2022-05-09",139.570007,139.809998,132.830002,133.380005,1349000,132.100525
"2022-05-10",134.580002,135.559998,125.120003,126.599998,2305400,125.385559
"2022-05-11",127.400002,130.259995,126.93,127,1716800,125.781723
"2022-05-12",126.589996,127.379997,125.110001,127.110001,1480000,125.890671
"2022-05-13",128.509995,131.690002,126.800003,131.190002,2289500,129.931534
"2022-05-16",130.869995,131.600006,128.070007,128.410004,1527300,127.1782
"2022-05-17",129.639999,129.699997,127.190002,128.649994,1476300,127.415894
"2022-05-18",128.149994,128.5,124.790001,125.290001,1360000,124.088127
"2022-05-19",124.379997,129.259995,124.349998,127.669998,1501600,126.445297
"2022-05-20",129.050003,131.570007,127.5,131.100006,1570200,129.842407
"2022-05-23",132.929993,133.589996,131.020004,133.520004,1201700,132.239182
"2022-05-24",133.270004,136.820007,131.970001,136.630005,1337600,135.319351
"2022-05-25",135.690002,138.259995,134.850006,137.850006,1263400,136.527649
"2022-05-26",138.490005,140.009995,136.539993,136.789993,1343000,135.477814
"2022-05-27",137.119995,141.770004,137.110001,141.509995,971700,140.152527
"2022-05-31",139.720001,140.279999,137.669998,139.589996,1735000,138.250946
"2022-06-01",139.610001,139.820007,136.860001,137.440002,1314800,136.121582
"2022-06-02",136.570007,138.389999,134.369995,138.369995,1562600,137.042648
"2022-06-03",136.869995,137.5,134.190002,134.490005,1329500,133.199875
"2022-06-06",134.5,135.940002,134.25,134.910004,1357400,133.615845
"2022-06-07",134.410004,135.309998,132.100006,135.259995,1263800,133.962479
"2022-06-08",134.570007,135.270004,132.190002,132.850006,1147400,131.575607
"2022-06-09",132.699997,136.5,132.190002,133.220001,1398700,131.942062
"2022-06-10",131.380005,132.639999,129.179993,131.360001,1637600,130.099899
"2022-06-13",128.660004,129.740005,126.410004,127.18,1912500,125.959999
"2022-06-14",126.589996,126.849998,124.110001,124.57,3037900,124.57
"2022-06-15",126.589996,130.570007,126,128.929993,2065800,128.929993
"2022-06-16",125.919998,127.279999,124.620003,125.309998,1543900,125.309998
"2022-06-17",125.720001,128.380005,125.720001,127.18,2339500,127.18
"2022-06-21",128.399994,129.889999,127.940002,128.139999,1652500,128.139999
"2022-06-22",127.309998,133.899994,127.139999,132.289993,1802500,132.289993
"2022-06-23",133.289993,136.830002,133.039993,136.639999,1566200,136.639999
"2022-06-24",137.270004,138.979996,135.889999,138.800003,1319600,138.800003
"2022-06-27",138.029999,139.139999,137.110001,137.25,997500,137.25
"2022-06-28",137.490005,138.110001,134.100006,134.559998,978500,134.559998
"2022-06-29",131.690002,131.869995,124,127.400002,4161500,127.400002
