"","PNR.Open","PNR.High","PNR.Low","PNR.Close","PNR.Volume","PNR.Adjusted"
"2020-07-01",38.119999,38.279999,36.799999,36.91,985900,35.757912
"2020-07-02",37.470001,38.200001,37,37.419998,771100,36.251987
"2020-07-06",38.150002,38.32,37.23,37.759998,983500,36.581379
"2020-07-07",37.450001,37.450001,36.380001,36.470001,1135000,35.331642
"2020-07-08",36.389999,36.77,35.900002,36.619999,735100,35.476959
"2020-07-09",40.209999,40.209999,37.900002,38.299999,3049500,37.104527
"2020-07-10",38.369999,38.970001,38.220001,38.450001,1466000,37.249844
"2020-07-13",38.799999,39.700001,38.759998,39.209999,1634400,37.986115
"2020-07-14",39.259998,40.810001,39.049999,40.759998,1436700,39.487743
"2020-07-15",41.52,42.639999,41.34,42.259998,1496800,40.940918
"2020-07-16",42.150002,42.950001,41.560001,41.75,1513700,40.446835
"2020-07-17",42.099998,42.099998,41.279999,41.689999,880400,40.388706
"2020-07-20",41.509998,41.82,40.98,41.41,748900,40.117447
"2020-07-21",41.48,42.419998,41.48,42.07,1095100,40.756851
"2020-07-22",41.830002,42.959999,41.759998,42.810001,1394000,41.473751
"2020-07-23",42.66,43.18,41.48,42.439999,1993800,41.298588
"2020-07-24",42.599998,43.009998,42.130001,42.380001,1359700,41.240204
"2020-07-27",42.5,43.009998,42.349998,42.990002,1557200,41.833805
"2020-07-28",42.560001,42.91,42.189999,42.25,1514200,41.113705
"2020-07-29",42.57,43.810001,42.57,43.68,1267200,42.505245
"2020-07-30",43.169998,43.169998,42.509998,42.740002,1259400,41.590527
"2020-07-31",43.169998,43.169998,42.02,42.849998,3166900,41.697563
"2020-08-03",43.18,43.75,43,43.490002,1056300,42.320354
"2020-08-04",43.18,43.400002,42.830002,43.099998,645400,41.940838
"2020-08-05",43.43,43.830002,43.310001,43.610001,800500,42.437122
"2020-08-06",43.529999,43.700001,43.189999,43.360001,890000,42.193848
"2020-08-07",43.27,44.02,43.27,44.02,830600,42.836102
"2020-08-10",44.150002,44.540001,43.959999,44.529999,973900,43.332378
"2020-08-11",45.18,45.830002,44.790001,44.849998,993900,43.643772
"2020-08-12",45.330002,45.330002,44.740002,45.189999,1131600,43.974632
"2020-08-13",44.880001,45.389999,44.860001,45.23,1073600,44.013557
"2020-08-14",44.860001,45.52,44.790001,45.080002,542800,43.867588
"2020-08-17",45.099998,45.439999,44.98,45.310001,637000,44.091408
"2020-08-18",45.259998,45.73,45.259998,45.540001,711000,44.315216
"2020-08-19",45.669998,46.029999,45.330002,45.5,755000,44.276295
"2020-08-20",45.040001,46.09,44.900002,45.990002,1017000,44.75312
"2020-08-21",46,46.32,45.75,46.02,841400,44.78231
"2020-08-24",46.150002,46.700001,46.009998,46.450001,578600,45.200741
"2020-08-25",46.77,46.77,45.5,46.060001,913400,44.821228
"2020-08-26",46.150002,46.18,45.68,45.970001,710600,44.733654
"2020-08-27",46.330002,46.330002,45.330002,45.599998,657900,44.373604
"2020-08-28",45.599998,45.860001,45.130001,45.84,914800,44.607155
"2020-08-31",45.73,45.73,44.939999,45.139999,1026100,43.925976
"2020-09-01",45.189999,45.880001,44.970001,45.580002,843200,44.354145
"2020-09-02",45.639999,46.279999,45.16,46.209999,700900,44.967197
"2020-09-03",46.299999,46.369999,44.52,44.900002,879100,43.692429
"2020-09-04",45.43,45.52,44.610001,44.869999,877200,43.663235
"2020-09-08",44.580002,44.66,43.599998,43.68,965500,42.505245
"2020-09-09",44,45.09,43.849998,44.860001,656500,43.653511
"2020-09-10",44.549999,44.689999,43.200001,43.450001,1149900,42.281429
"2020-09-11",43.84,44.43,43.459999,43.709999,801000,42.534435
"2020-09-14",44.73,45.080002,44.049999,44.799999,857200,43.595123
"2020-09-15",44.939999,45.639999,44.869999,45.110001,766800,43.896786
"2020-09-16",46.16,46.209999,45.23,45.880001,1623900,44.646076
"2020-09-17",45.189999,46.639999,44.869999,46.419998,1627100,45.171547
"2020-09-18",46.66,47.130001,46.220001,46.549999,3165600,45.298054
"2020-09-21",45.639999,45.849998,44.080002,44.639999,2090800,43.439419
"2020-09-22",44.66,45.610001,44.32,45.400002,1419900,44.178986
"2020-09-23",45.419998,46.360001,44.880001,44.93,1426500,43.721622
"2020-09-24",44.75,45.43,44.130001,44.689999,562000,43.488079
"2020-09-25",44.27,45.25,44.07,44.959999,736500,43.750813
"2020-09-28",45.509998,46.299999,45.419998,45.849998,553700,44.616882
"2020-09-29",46,46.049999,45.459999,45.790001,599000,44.558495
"2020-09-30",45.990002,46.549999,45.5,45.77,892000,44.539032
"2020-10-01",46.060001,46.119999,44.82,45.41,848100,44.188713
"2020-10-02",44.59,46.220001,44.369999,45.91,884000,44.67527
"2020-10-05",46.48,46.959999,45.830002,46.189999,670700,44.947731
"2020-10-06",46.27,47.23,46,46.720001,1800900,45.463482
"2020-10-07",47.16,48.139999,47.080002,48.110001,1430400,46.816105
"2020-10-08",48.34,48.860001,48.200001,48.830002,1386100,47.516735
"2020-10-09",49.150002,49.970001,49,49.59,1129900,48.256294
"2020-10-12",49.709999,50.52,49.709999,50.25,1437100,48.89854
"2020-10-13",50.07,50.23,49.02,49.32,1038100,47.993561
"2020-10-14",48.200001,49.860001,48.16,49.439999,852900,48.110325
"2020-10-15",48.860001,49.810001,48.759998,49.779999,976300,48.441185
"2020-10-16",50.099998,50.580002,49.740002,49.900002,1668300,48.557957
"2020-10-19",49.779999,49.889999,48.98,49.259998,1134200,47.935173
"2020-10-20",50.740002,52.869999,50.110001,51.25,1725700,49.871651
"2020-10-21",51.610001,52.119999,50.950001,51.18,1343500,49.803532
"2020-10-22",51.200001,51.82,50.959999,51.68,1073400,50.477478
"2020-10-23",52.130001,52.240002,51.419998,51.970001,993200,50.760727
"2020-10-26",51.23,51.369999,49.709999,50.41,823800,49.237034
"2020-10-27",50.330002,50.450001,49.450001,49.939999,1310500,48.777966
"2020-10-28",48.950001,49.560001,48.5,49.040001,1127300,47.898903
"2020-10-29",48.959999,50.130001,48.849998,49.75,1361500,48.592392
"2020-10-30",49.540001,50.060001,49.09,49.759998,2507200,48.602154
"2020-11-02",50.529999,51.09,50.34,50.700001,1109300,49.520283
"2020-11-03",51.560001,53.080002,51.369999,52.810001,1178100,51.581184
"2020-11-04",52.599998,53.240002,51.580002,51.900002,1164800,50.692364
"2020-11-05",52.580002,54.369999,52.580002,53.77,1038100,52.518848
"2020-11-06",53.959999,54.540001,53.610001,54.150002,1230600,52.890015
"2020-11-09",56.75,58.82,52.689999,52.830002,2433700,51.600716
"2020-11-10",52.77,54.34,52.610001,53.779999,2081800,52.528618
"2020-11-11",52,52.869999,50.82,52.09,1910600,50.877934
"2020-11-12",52.049999,52.509998,50.689999,51.25,1107600,50.057487
"2020-11-13",51.759998,52.799999,51.580002,52.66,853100,51.434677
"2020-11-16",53.360001,53.689999,52.869999,53.389999,865900,52.147694
"2020-11-17",52.630001,53.139999,51.82,52.889999,1362500,51.659325
"2020-11-18",53.360001,53.439999,52.380001,52.450001,903900,51.229565
"2020-11-19",52.259998,53.299999,52.09,53.27,640300,52.030479
"2020-11-20",53.369999,53.459999,52.790001,53.009998,653000,51.776531
"2020-11-23",53.459999,54.040001,53.040001,53.27,700200,52.030479
"2020-11-24",53.880001,54.720001,53.290001,54.09,1623800,52.831402
"2020-11-25",53.900002,53.900002,52.16,52.189999,1254100,50.975605
"2020-11-27",52.59,53.59,52.310001,53.099998,493400,51.864433
"2020-11-30",52.560001,53.099998,51.5,51.82,1596300,50.614216
"2020-12-01",52.349998,52.830002,51.52,51.540001,1100400,50.340736
"2020-12-02",51.25,51.509998,50.630001,51.380001,1184500,50.18446
"2020-12-03",50.060001,51.610001,50.029999,50.919998,872000,49.735161
"2020-12-04",51.290001,51.700001,50.869999,51.18,1104600,49.989113
"2020-12-07",50.869999,51.169998,50.209999,50.849998,804700,49.666794
"2020-12-08",50.639999,51.490002,50.330002,51.119999,1155000,49.930508
"2020-12-09",51.779999,52.700001,51.380001,52.599998,1535400,51.376072
"2020-12-10",52.259998,52.369999,50.950001,51.119999,872500,49.930508
"2020-12-11",50.77,51.689999,50.540001,51.459999,743800,50.262596
"2020-12-14",51.950001,52.099998,51.360001,51.360001,1135900,50.164932
"2020-12-15",51.73,52.689999,51.73,52.450001,884000,51.229565
"2020-12-16",52.77,52.82,51.82,51.889999,597400,50.682594
"2020-12-17",52.220001,52.919998,52.009998,52.77,853600,51.542122
"2020-12-18",52.880001,53.259998,51.77,52.259998,1653400,51.043983
"2020-12-21",51.32,52.580002,50.91,52.439999,804400,51.219795
"2020-12-22",52.380001,52.84,52.099998,52.599998,613500,51.376072
"2020-12-23",52.84,53.400002,52.34,52.439999,526800,51.219795
"2020-12-24",52.73,52.84,52.099998,52.59,187200,51.366302
"2020-12-28",53,53.310001,52.360001,52.459999,373200,51.239326
"2020-12-29",52.77,52.830002,51.389999,51.790001,556800,50.584919
"2020-12-30",52.02,52.849998,51.959999,52.68,472700,51.454208
"2020-12-31",52.580002,53.23,52.389999,53.09,493100,51.854675
"2021-01-04",53.07,53.349998,51.130001,51.529999,852200,50.330963
"2021-01-05",51.610001,52.060001,51.080002,51.700001,818800,50.497005
"2021-01-06",52.310001,53.75,52.310001,53.18,1136300,51.942577
"2021-01-07",53.77,55.220001,53.07,55.029999,1082500,53.749527
"2021-01-08",55.25,56.439999,55.139999,56.099998,2054600,54.794628
"2021-01-11",55.529999,57.32,55.529999,56.810001,1390400,55.488117
"2021-01-12",57.009998,58.669998,56.860001,58.48,1241600,57.119255
"2021-01-13",58.580002,59.110001,58.25,58.439999,1633800,57.080177
"2021-01-14",58.84,59,57.130001,58.57,1109700,57.207153
"2021-01-15",58.5,58.580002,56.549999,57.59,874500,56.249966
"2021-01-19",58.310001,59.040001,57.889999,58.459999,1122600,57.09972
"2021-01-20",58.650002,58.720001,57.919998,58.130001,646000,56.777397
"2021-01-21",57.900002,58.169998,56.880001,57.400002,740700,56.257942
"2021-01-22",56.700001,58.130001,56.509998,57.98,1090200,56.826401
"2021-01-25",57.73,58.419998,57.009998,57.34,1244700,56.199131
"2021-01-26",57.849998,57.849998,56.139999,56.349998,720600,55.228828
"2021-01-27",55.279999,57.419998,55.02,57.099998,2315100,55.963905
"2021-01-28",57.09,59.299999,55.610001,55.98,2865700,54.866188
"2021-01-29",55.759998,55.91,53.529999,54.459999,2255600,53.376434
"2021-02-01",55.099998,55.189999,53.73,54.450001,1518500,53.366638
"2021-02-02",55.130001,55.299999,53.869999,54.5,1280700,53.415642
"2021-02-03",54.369999,54.639999,53.360001,53.77,1323600,52.700165
"2021-02-04",54.029999,54.369999,53.509998,53.98,985400,52.905991
"2021-02-05",54.299999,55.23,53.810001,55.16,1185900,54.062515
"2021-02-08",55.490002,56.189999,54.959999,56.040001,953700,54.925003
"2021-02-09",55.990002,56.16,54.799999,54.810001,604400,53.719479
"2021-02-10",55.220001,55.290001,54.25,55.150002,661000,54.052715
"2021-02-11",55.5,55.5,53.48,54.209999,842300,53.131416
"2021-02-12",53.919998,54.360001,53.150002,53.630001,1145800,52.562954
"2021-02-16",53.919998,55.110001,53.599998,54.82,1370400,53.729279
"2021-02-17",54.68,55.080002,54.119999,54.880001,891200,53.788086
"2021-02-18",54.869999,55.27,53.73,55.049999,1028200,53.954697
"2021-02-19",55.450001,56.830002,55.259998,56.650002,1135900,55.522861
"2021-02-22",56.439999,56.580002,55.310001,55.779999,832000,54.670174
"2021-02-23",55.650002,55.93,54.639999,55.689999,940200,54.581963
"2021-02-24",55.759998,57.48,55.299999,57.150002,1130400,56.01292
"2021-02-25",57.259998,57.41,55.779999,55.880001,837500,54.768185
"2021-02-26",56.310001,56.990002,55.560001,55.93,1331900,54.817192
"2021-03-01",56.389999,58.790001,56.389999,58.279999,926200,57.12043
"2021-03-02",58.200001,58.41,57.139999,57.700001,603200,56.551975
"2021-03-03",57.700001,58.779999,57.439999,57.740002,697600,56.591179
"2021-03-04",57.549999,57.709999,55.450001,56.259998,827300,55.140625
"2021-03-05",57,57.900002,55.619999,57.68,901700,56.532372
"2021-03-08",58.07,60.48,57.959999,59.900002,1229400,58.708202
"2021-03-09",60.099998,60.259998,59.009998,59.049999,853800,57.875114
"2021-03-10",59.040001,60.57,58.82,59.93,910700,58.737598
"2021-03-11",59.77,61,59.290001,60.119999,822800,58.92382
"2021-03-12",60.560001,60.77,59.27,59.52,1204800,58.335762
"2021-03-15",59.349998,61.110001,58.68,61.080002,1113800,59.864727
"2021-03-16",61.110001,61.790001,60.610001,60.950001,977600,59.737309
"2021-03-17",60.939999,61.98,60.91,61.349998,815200,60.129345
"2021-03-18",61.349998,62.23,60.759998,61.220001,879400,60.001942
"2021-03-19",60.77,61.57,60.110001,61.02,1463000,59.805916
"2021-03-22",60.98,61.040001,59.580002,60.610001,887600,59.404076
"2021-03-23",60.110001,60.52,58.779999,59.32,1057800,58.13974
"2021-03-24",59.740002,60.52,59.650002,59.860001,797200,58.668999
"2021-03-25",59.77,60.950001,58.77,60.84,651600,59.629498
"2021-03-26",61.43,62.299999,61.130001,62.240002,781400,61.001648
"2021-03-29",62.240002,62.93,61.939999,62.25,586900,61.011444
"2021-03-30",62.32,62.98,61.900002,62.080002,765000,60.84483
"2021-03-31",62.349998,63.349998,62.130001,62.32,1188200,61.080048
"2021-04-01",62.68,62.75,61.669998,62.389999,733200,61.148659
"2021-04-05",62.709999,63.060001,62.189999,62.720001,752800,61.472095
"2021-04-06",62.93,62.950001,62.220001,62.400002,807000,61.158463
"2021-04-07",62.189999,62.57,61.049999,61.5,1119100,60.276367
"2021-04-08",61.400002,61.560001,60.549999,60.810001,1136400,59.600094
"2021-04-09",61.200001,62.099998,60.509998,62.07,1357700,60.835026
"2021-04-12",62.240002,63.41,62.240002,63.349998,964800,62.089558
"2021-04-13",63.080002,63.080002,62.049999,62.23,810200,60.99184
"2021-04-14",62.5,63.419998,62.240002,62.27,641500,61.031044
"2021-04-15",62.459999,63.049999,62.27,63.029999,635000,61.775928
"2021-04-16",63.490002,64.029999,62.75,63.84,1297400,62.569809
"2021-04-19",64.040001,64.580002,63.68,64,1004400,62.726627
"2021-04-20",64.190002,64.440002,62.950001,63.439999,883200,62.177761
"2021-04-21",63.630001,64.720001,63.439999,64.370003,1309000,63.089268
"2021-04-22",65.830002,65.830002,63.299999,64.199997,1540500,63.118748
"2021-04-23",64.550003,64.830002,63.619999,64.309998,1402900,63.226902
"2021-04-26",64.57,64.980003,63.860001,64.089996,1414200,63.010601
"2021-04-27",63.790001,64.339996,63.470001,64.080002,1493200,63.000778
"2021-04-28",64.110001,64.529999,63.389999,64.309998,1154300,63.226902
"2021-04-29",64.629997,65.169998,64.220001,65.160004,917300,64.062584
"2021-04-30",64.650002,65.029999,64.129997,64.510002,1542800,63.423538
"2021-05-03",65.07,65.769997,64.529999,65.349998,653900,64.24939
"2021-05-04",65.040001,66.599998,64.709999,66.400002,1117900,65.281708
"2021-05-05",66.650002,67.730003,66.010002,67.300003,1237000,66.16655
"2021-05-06",67.730003,67.980003,66.540001,67.300003,1053600,66.16655
"2021-05-07",66.860001,68.580002,66.690002,67.940002,971500,66.795769
"2021-05-10",68.599998,69.879997,68.25,69.050003,1018800,67.887085
"2021-05-11",68.410004,68.730003,67.209999,67.980003,860200,66.835098
"2021-05-12",67.919998,68.139999,65.57,65.580002,802600,64.47551
"2021-05-13",65.529999,67.900002,65.529999,67.519997,654100,66.382843
"2021-05-14",67.800003,69.18,67.739998,68.779999,910900,67.62162
"2021-05-17",68.480003,68.809998,67.459999,68,1008300,66.854759
"2021-05-18",68.190002,68.580002,67.110001,67.110001,565700,65.979752
"2021-05-19",66.379997,67.099998,65.720001,66.959999,744700,65.832275
"2021-05-20",67.160004,67.800003,66.959999,67.529999,595600,66.39267
"2021-05-21",67.860001,68.779999,67.68,68,677800,66.854759
"2021-05-24",68.559998,68.720001,67.949997,68.059998,704900,66.913742
"2021-05-25",68.190002,68.779999,68.169998,68.32,833100,67.169365
"2021-05-26",68.580002,68.830002,68.18,68.370003,611200,67.218529
"2021-05-27",69.169998,69.650002,68.940002,69.410004,2205300,68.24102
"2021-05-28",69.339996,69.519997,68.790001,68.970001,661700,67.808426
"2021-06-01",69.879997,70.75,69.580002,70.459999,818700,69.273323
"2021-06-02",70.709999,70.760002,69.949997,70.68,1194300,69.489624
"2021-06-03",70.440002,70.519997,69.089996,69.57,1040500,68.398308
"2021-06-04",68.019997,69.529999,67,69.519997,1367900,68.349159
"2021-06-07",69.800003,70.199997,69,69.150002,807900,67.98539
"2021-06-08",68.889999,69.599998,68.160004,69.510002,664500,68.339317
"2021-06-09",69.360001,69.660004,68.849998,69.199997,625100,68.034538
"2021-06-10",69.830002,70.099998,67.059998,67.290001,1820800,66.156715
"2021-06-11",67.779999,67.830002,66.419998,67.480003,1216400,66.343521
"2021-06-14",67.370003,67.599998,66.209999,66.900002,756600,65.773293
"2021-06-15",66.879997,67.25,66.080002,67.169998,1175800,66.038742
"2021-06-16",66.959999,67.400002,66.290001,66.690002,1178100,65.566818
"2021-06-17",67.080002,67.209999,64.5,64.660004,1148000,63.571018
"2021-06-18",63.5,64.669998,62.23,63.91,1863100,62.833637
"2021-06-21",64.540001,65.93,64.540001,65.699997,680500,64.593483
"2021-06-22",66.019997,66.440002,65.459999,65.900002,812700,64.790123
"2021-06-23",65.900002,66.879997,65.599998,66.360001,1192500,65.242378
"2021-06-24",66.650002,66.769997,65.360001,66.040001,775400,64.927765
"2021-06-25",66.370003,67.160004,66.290001,66.730003,846600,65.606155
"2021-06-28",66.970001,66.970001,66.089996,66.75,1383200,65.625809
"2021-06-29",67.169998,67.470001,66.489998,66.790001,722100,65.665138
"2021-06-30",66.650002,67.599998,66.650002,67.489998,668200,66.35334
"2021-07-01",68.160004,68.419998,67.690002,68,771400,66.854759
"2021-07-02",67.959999,68.25,67.709999,68.010002,603100,66.864586
"2021-07-06",68.099998,68.099998,66.769997,67.449997,918800,66.314018
"2021-07-07",67.120003,69.419998,67.120003,69.300003,844800,68.132866
"2021-07-08",68.290001,69.150002,67.629997,68.269997,1004900,67.120201
"2021-07-09",69.449997,70.150002,69.07,69.300003,901800,68.132866
"2021-07-12",68.959999,70.480003,68.489998,70.379997,751500,69.194672
"2021-07-13",70.370003,71,69.620003,69.870003,820600,68.69326
"2021-07-14",70.089996,70.709999,69.669998,70.330002,944300,69.145523
"2021-07-15",69.970001,70.860001,69.540001,70.169998,820100,68.988205
"2021-07-16",70.339996,70.730003,68.860001,69.089996,850300,67.926392
"2021-07-19",67.949997,68,66.669998,67.610001,1018400,66.471329
"2021-07-20",67.82,69.919998,67.57,69.529999,932600,68.358986
"2021-07-21",69.720001,70.559998,69.239998,69.339996,1623200,68.172195
"2021-07-22",69.379997,69.379997,68.029999,68.18,990800,67.225632
"2021-07-23",68.650002,68.919998,67.910004,68.459999,867800,67.501709
"2021-07-26",68.540001,69.199997,68.169998,68.699997,973400,67.73835
"2021-07-27",68.220001,72.120003,67.309998,71.889999,2207000,70.883698
"2021-07-28",72.389999,72.93,70.959999,71.290001,1115700,70.292099
"2021-07-29",71.830002,72.800003,71.139999,72.760002,1087000,71.741516
"2021-07-30",72.949997,73.82,72.370003,73.669998,1630400,72.638779
"2021-08-02",73.989998,74.830002,73.68,74.449997,1655100,73.40786
"2021-08-03",74.669998,76.870003,74.139999,76.75,1405600,75.675667
"2021-08-04",76.489998,77.82,76.269997,76.629997,1012700,75.557343
"2021-08-05",76.889999,77.43,76.050003,76.459999,656800,75.389725
"2021-08-06",76.860001,77.190002,76.230003,77.099998,747500,76.02076
"2021-08-09",76.900002,77.370003,76.389999,76.809998,695700,75.734818
"2021-08-10",76.760002,78.309998,76.760002,77.599998,1092900,76.513763
"2021-08-11",77.57,79.279999,77.209999,79.260002,1310400,78.150536
"2021-08-12",79.300003,79.620003,78.760002,79.339996,1178700,78.229401
"2021-08-13",79.650002,79.959999,79.339996,79.5,792500,78.387177
"2021-08-16",79.290001,80.400002,78.93,80.300003,1357600,79.175972
"2021-08-17",79.75,79.800003,78.059998,78.889999,1095400,77.785713
"2021-08-18",78.68,79.160004,77.760002,77.889999,1235500,76.799706
"2021-08-19",77.099998,78.400002,77.029999,78.290001,1393700,77.194115
"2021-08-20",78.57,79.25,78.269997,78.830002,906600,77.726555
"2021-08-23",79.139999,79.440002,78.220001,78.57,970800,77.470192
"2021-08-24",78.5,79.050003,78.230003,78.779999,1186500,77.677246
"2021-08-25",78.779999,79.279999,78.339996,79.050003,849100,77.943466
"2021-08-26",76.239998,77.269997,75.220001,76.970001,1662000,75.892586
"2021-08-27",77.339996,77.339996,76.440002,76.690002,1823300,75.616516
"2021-08-30",76.830002,77.559998,76.669998,77.260002,1634100,76.178535
"2021-08-31",77.169998,77.589996,76.879997,77.160004,1623200,76.079933
"2021-09-01",77.370003,77.699997,76.709999,77.440002,1123700,76.35601
"2021-09-02",77.940002,78.550003,77.870003,78.5,874100,77.401169
"2021-09-03",78.309998,78.309998,77.309998,77.870003,1223800,76.779984
"2021-09-07",77.709999,77.709999,76.43,76.480003,1178400,75.409447
"2021-09-08",76.139999,77.419998,75.900002,77.18,1023300,76.09964
"2021-09-09",77.279999,77.540001,75.93,76.199997,872600,75.133354
"2021-09-10",76.800003,77.160004,76.190002,76.529999,874200,75.45874
"2021-09-13",77.199997,77.730003,75.099998,75.860001,1051600,74.798119
"2021-09-14",76.040001,76.199997,75.43,75.959999,992700,74.896713
"2021-09-15",75.860001,78.239998,75.860001,77.769997,1142900,76.681381
"2021-09-16",77.800003,77.989998,77,77.480003,923600,76.395447
"2021-09-17",77.209999,77.639999,75.989998,76.220001,3126800,75.153084
"2021-09-20",74.860001,75.639999,74.25,75.309998,1003600,74.255821
"2021-09-21",75.760002,75.760002,74.129997,74.489998,873700,73.447296
"2021-09-22",75.849998,76.18,75.040001,75.339996,677400,74.2854
"2021-09-23",75.970001,77.709999,75.690002,76.650002,974300,75.577072
"2021-09-24",76.43,77.43,76.360001,77.230003,814000,76.148949
"2021-09-27",77.32,78.57,76.769997,76.779999,951500,75.705246
"2021-09-28",76.440002,76.529999,74.220001,74.379997,1046100,73.338829
"2021-09-29",74.449997,75.099998,74.220001,74.839996,513400,73.792397
"2021-09-30",75.25,75.25,72.610001,72.629997,1113400,71.613342
"2021-10-01",73.050003,73.540001,71.989998,72.870003,1126300,71.849983
"2021-10-04",72.709999,73.239998,71.519997,71.720001,1448200,70.716064
"2021-10-05",72.019997,72.849998,70.959999,72.540001,2124800,71.524597
"2021-10-06",71.910004,72.550003,70.720001,72.489998,1081400,71.475288
"2021-10-07",72.970001,73.519997,72.220001,72.410004,1420500,71.396416
"2021-10-08",72.110001,72.639999,70,70.800003,2167300,69.808945
"2021-10-11",70.730003,71.580002,70.010002,70.019997,764900,69.039871
"2021-10-12",70.32,71,69.589996,69.949997,960500,68.970848
"2021-10-13",70.110001,70.459999,69.349998,69.82,1178000,68.842674
"2021-10-14",70.370003,72.239998,70.010002,72.150002,1016600,71.14006
"2021-10-15",72.650002,73.510002,71.830002,71.879997,1211600,70.873833
"2021-10-18",71.57,72.589996,71.209999,72.470001,840000,71.455574
"2021-10-19",73.010002,73.269997,72.519997,72.660004,684700,71.642921
"2021-10-20",72.739998,73.830002,72.339996,73.639999,930700,72.6092
"2021-10-21",73.220001,75.309998,72.599998,75.269997,1715700,74.418495
"2021-10-22",75.489998,76.290001,75.139999,75.769997,852200,74.912842
"2021-10-25",75.610001,77.260002,75.169998,76.93,1736300,76.059723
"2021-10-26",76.980003,76.980003,73.980003,74.260002,1811400,73.419922
"2021-10-27",73.959999,75.029999,72.889999,73.349998,1554000,72.520218
"2021-10-28",73.790001,75.230003,73.540001,74.080002,1404500,73.241966
"2021-10-29",73.629997,74.709999,73.459999,73.970001,1739200,73.133209
"2021-11-01",74.370003,74.629997,73.690002,73.910004,880600,73.073891
"2021-11-02",74.199997,74.989998,73.580002,74.629997,1786900,73.785736
"2021-11-03",74.279999,74.949997,72.050003,73.489998,1773500,72.65863
"2021-11-04",73.730003,75.220001,73.550003,74.629997,1033100,73.785736
"2021-11-05",75.169998,75.940002,74.260002,74.309998,991200,73.469353
"2021-11-08",75.050003,75.449997,73.690002,74.730003,780200,73.884613
"2021-11-09",74.669998,75.209999,74.059998,74.57,633400,73.726418
"2021-11-10",74.309998,75.580002,73.690002,73.919998,725500,73.083763
"2021-11-11",73.910004,74.389999,73.68,74.129997,918200,73.291389
"2021-11-12",74.480003,75.900002,73.75,75.82,659000,74.96228
"2021-11-15",75.989998,76.559998,75.809998,76.199997,639800,75.337975
"2021-11-16",76.5,78.07,76.400002,77.339996,829100,76.46508
"2021-11-17",77.07,77.639999,76.690002,77.150002,787300,76.277229
"2021-11-18",77.440002,78.269997,77.440002,77.669998,704800,76.791344
"2021-11-19",77.980003,79.559998,77.639999,79.339996,1465500,78.442459
"2021-11-22",79.620003,80.099998,77.720001,77.82,1310500,76.939659
"2021-11-23",78.25,78.389999,77.139999,77.900002,675500,77.018745
"2021-11-24",77.410004,77.68,76.779999,77.419998,613700,76.544167
"2021-11-26",75.459999,76.800003,74.790001,75.239998,758800,74.388832
"2021-11-29",75.760002,77.660004,75.629997,76.800003,820000,75.931198
"2021-11-30",76.169998,76.779999,73.370003,73.690002,1912700,72.856369
"2021-12-01",74.800003,75.849998,72.199997,72.239998,973300,71.422775
"2021-12-02",72.830002,73.940002,72.389999,72.989998,1500500,72.164284
"2021-12-03",73.400002,73.650002,71.43,72.639999,1074900,71.818245
"2021-12-06",73.540001,74.010002,73.059998,73.449997,921000,72.61908
"2021-12-07",74.910004,75.68,74.389999,74.760002,1247100,73.914268
"2021-12-08",74.889999,75,73.739998,74.709999,1142100,73.864838
"2021-12-09",74.480003,74.910004,73.370003,73.400002,915900,72.569664
"2021-12-10",74.150002,75.480003,73.519997,75.220001,993400,74.369064
"2021-12-13",75.230003,75.949997,73.559998,73.730003,1109600,72.895927
"2021-12-14",73.169998,73.519997,71.629997,71.849998,1853900,71.037193
"2021-12-15",72.230003,73.830002,72.019997,73.730003,2057900,72.895927
"2021-12-16",74.419998,74.760002,71.800003,72.440002,1528600,71.620514
"2021-12-17",71.980003,72.050003,69.870003,70.120003,2508000,69.326759
"2021-12-20",69.120003,69.639999,68.010002,69.029999,1607500,68.249084
"2021-12-21",69.779999,70.459999,69.550003,70.25,2190100,69.455292
"2021-12-22",70.449997,70.809998,68.949997,70.019997,1713500,69.227882
"2021-12-23",70.339996,71.540001,70.339996,71.220001,711900,70.414314
"2021-12-27",71.57,72.75,71.279999,72.720001,558800,71.897354
"2021-12-28",72.57,72.970001,72.150002,72.82,671800,71.996208
"2021-12-29",72.919998,73.620003,72.739998,73.360001,516800,72.530106
"2021-12-30",73.360001,73.580002,72.25,72.32,499800,71.501862
"2021-12-31",72.150002,73.349998,72.150002,73.029999,874000,72.203835
"2022-01-03",73.029999,73.489998,70.449997,70.989998,824800,70.18692
"2022-01-04",71.089996,72.18,70.860001,71.860001,863300,71.047081
"2022-01-05",72.089996,72.75,70.300003,70.389999,912600,69.593704
"2022-01-06",70.379997,71.050003,69.400002,69.419998,1360700,68.634674
"2022-01-07",69.400002,69.849998,68.730003,69.400002,2110700,68.614914
"2022-01-10",68.849998,69.57,67.809998,69.510002,1358600,68.723656
"2022-01-11",69.510002,70.040001,68.639999,69.980003,1279800,69.188347
"2022-01-12",70.620003,71.400002,69.449997,69.599998,1012500,68.812637
"2022-01-13",69.830002,70.080002,68.300003,68.68,1055100,67.903046
"2022-01-14",67.650002,68.029999,65.550003,66.110001,1855500,65.362122
"2022-01-18",65.580002,67.25,64.379997,66.82,1833300,66.064087
"2022-01-19",67.199997,67.879997,65.800003,66.300003,1218700,65.54998
"2022-01-20",66.559998,66.769997,64.290001,64.470001,1287600,63.943207
"2022-01-21",64.129997,65.519997,63.610001,64.339996,1168400,63.814266
"2022-01-24",63.009998,65.300003,62.25,65.269997,2541000,64.736664
"2022-01-25",64.099998,64.400002,62.5,63.610001,1237300,63.090237
"2022-01-26",64.529999,65.449997,61.91,62.330002,1584100,61.820694
"2022-01-27",63.099998,63.529999,60.939999,61.41,1462200,60.908211
"2022-01-28",61.240002,63.240002,60.700001,63.150002,1772200,62.633995
"2022-01-31",62.91,63.959999,62.689999,63.700001,2719300,63.179501
"2022-02-01",63.630001,64.980003,61.5,63.43,2233800,62.911705
"2022-02-02",63.34,63.869999,61.799999,62.299999,3008500,61.790939
"2022-02-03",61.799999,62.630001,61.25,61.299999,1061600,60.79911
"2022-02-04",61.009998,61.439999,59.200001,59.810001,1433400,59.321285
"2022-02-07",59.959999,60.82,59.490002,60.150002,1069500,59.658508
"2022-02-08",60.259998,61.450001,59.98,61.139999,994500,60.640415
"2022-02-09",61.790001,62.529999,61.790001,62.279999,839100,61.771103
"2022-02-10",61.09,61.950001,59.669998,60.169998,1045500,59.678341
"2022-02-11",60.43,60.740002,58.080002,58.650002,906500,58.170765
"2022-02-14",58.709999,59.240002,58.099998,58.959999,984200,58.47823
"2022-02-15",60.049999,60.610001,59.16,59.580002,738700,59.093166
"2022-02-16",59.310001,59.68,58.650002,59.27,765400,58.785698
"2022-02-17",59.049999,59.209999,57.459999,57.619999,1567300,57.149178
"2022-02-18",57.580002,58,57.259998,57.810001,1304900,57.337627
"2022-02-22",57.700001,58.330002,56.02,56.369999,1011600,55.909389
"2022-02-23",56.889999,57.07,55.66,55.720001,1079900,55.264706
"2022-02-24",54.529999,57.779999,54.099998,57.509998,2103000,57.040077
"2022-02-25",57.43,58.380001,56.459999,58.360001,1473200,57.883133
"2022-02-28",57.959999,58.41,57.040001,57.91,1660200,57.43681
"2022-03-01",57.84,57.84,55.75,56.040001,1015900,55.582088
"2022-03-02",56.599998,57.98,56.59,57.400002,769300,56.930977
"2022-03-03",58.59,58.889999,56.720001,58.669998,1569900,58.190601
"2022-03-04",58.439999,58.439999,56.41,56.57,1422000,56.107761
"2022-03-07",56.369999,56.560001,54.5,54.529999,1227300,54.084427
"2022-03-08",54.709999,55.540001,53.630001,53.68,1695700,53.241375
"2022-03-09",55.330002,56.25,54.98,55.52,1397000,55.066338
"2022-03-10",54.560001,55.130001,54.299999,54.650002,1218100,54.203449
"2022-03-11",55.279999,55.470001,53.639999,53.799999,1367900,53.360394
"2022-03-14",54.240002,54.790001,53.68,54,1390500,53.558762
"2022-03-15",54.310001,55.080002,54.220001,54.84,1774100,54.391895
"2022-03-16",55.459999,57.849998,55.459999,56.830002,1963200,56.365635
"2022-03-17",56.23,57.25,56.150002,56.950001,1789500,56.484653
"2022-03-18",57.189999,57.580002,56.009998,57.220001,3581700,56.752449
"2022-03-21",57.040001,57.720001,56.52,56.849998,971400,56.385471
"2022-03-22",57.25,57.529999,56.759998,57.380001,1414400,56.91114
"2022-03-23",57.009998,57.470001,56.200001,56.310001,2164100,55.849884
"2022-03-24",56.669998,56.669998,54.939999,55.43,1076500,54.977074
"2022-03-25",55.790001,56.099998,54.98,55.470001,1850400,55.01675
"2022-03-28",55.400002,55.779999,54.880001,55.509998,940400,55.056419
"2022-03-29",56.52,57.450001,56.200001,56.849998,1005900,56.385471
"2022-03-30",56.509998,56.830002,56.139999,56.419998,858000,55.958984
"2022-03-31",55.98,56.540001,54.200001,54.209999,1495500,53.767044
"2022-04-01",54.52,55.130001,54.27,54.880001,1489300,54.431572
"2022-04-04",54.68,55.139999,54.43,54.790001,994900,54.342304
"2022-04-05",54.68,55.080002,53.700001,53.900002,1524300,53.459579
"2022-04-06",53.119999,53.240002,52.130001,52.799999,2350900,52.368565
"2022-04-07",52.66,53.450001,52.16,53.220001,1411200,52.785133
"2022-04-08",53.290001,53.900002,52.75,53.259998,1793100,52.824806
"2022-04-11",53.610001,54.419998,52.450001,52.560001,1291600,52.130527
"2022-04-12",52.82,53.529999,52.48,52.619999,1556500,52.190033
"2022-04-13",52.459999,53.259998,52.459999,52.959999,1545800,52.527256
"2022-04-14",53.380001,53.759998,52.360001,52.43,1436200,52.001587
"2022-04-18",52.07,52.450001,51.029999,51.73,1138500,51.307304
"2022-04-19",52.07,53.830002,52.07,53.619999,1307500,53.181862
"2022-04-20",54.27,54.66,53.84,54.32,1531600,53.876144
"2022-04-21",54.110001,54.830002,52.66,53.389999,3199200,53.159256
"2022-04-22",53.09,53.860001,52.529999,52.68,2047700,52.452324
"2022-04-25",52.5,52.959999,51.119999,52.77,1887500,52.541935
"2022-04-26",52.310001,53.220001,51.68,51.68,1669600,51.456646
"2022-04-27",51.650002,52.57,51.610001,51.990002,1702500,51.765308
"2022-04-28",52.189999,53.389999,52.009998,53.02,1917000,52.790855
"2022-04-29",52.830002,53.52,50.529999,50.75,4488600,50.530666
"2022-05-02",50.66,52.02,50.490002,51.57,1518300,51.347122
"2022-05-03",51.580002,52.939999,51.450001,52.549999,1483900,52.322884
"2022-05-04",52.5,54.029999,51.849998,53.790001,1452300,53.557526
"2022-05-05",53.099998,53.490002,50.970001,51.450001,1398300,51.227642
"2022-05-06",51.060001,51.209999,49.310001,50.48,1625600,50.261833
"2022-05-09",49.77,52.060001,49.66,51.189999,1790000,50.968761
"2022-05-10",51.52,51.830002,48.66,49.169998,1841200,48.957493
"2022-05-11",48.919998,49.880001,48.43,48.68,1413600,48.469612
"2022-05-12",48.43,49.549999,48.240002,49.470001,1494100,49.256199
"2022-05-13",50.040001,50.740002,49.349998,50.02,797900,49.803822
"2022-05-16",49.610001,49.880001,48.459999,49.619999,1053600,49.405548
"2022-05-17",50.400002,50.59,49.560001,50.57,635100,50.351444
"2022-05-18",49.740002,50.009998,47.790001,48.09,1393500,47.88216
"2022-05-19",47.669998,48.889999,47.419998,48.349998,1170400,48.141037
"2022-05-20",48.880001,49.099998,47.790001,48.959999,1043300,48.748402
"2022-05-23",49.459999,50,48.779999,49.110001,1044200,48.897755
"2022-05-24",48.919998,49.02,47.990002,48.810001,689700,48.599052
"2022-05-25",48.43,49.740002,48.209999,49.43,884600,49.21637
"2022-05-26",50.09,50.950001,49.98,50.299999,1049400,50.082607
"2022-05-27",50.959999,51.119999,49.59,50.360001,3931200,50.142349
"2022-05-31",49.700001,50.509998,49,50.169998,3182200,49.953171
"2022-06-01",50.43,50.470001,49.029999,49.580002,1444400,49.365723
"2022-06-02",49.990002,51.459999,49.77,51.349998,1180000,51.128071
"2022-06-03",51.200001,51.389999,50.650002,50.799999,826700,50.580448
"2022-06-06",51.060001,51.400002,50.82,50.880001,632700,50.660103
"2022-06-07",50.34,51.23,50.119999,51.139999,855300,50.91898
"2022-06-08",50.529999,50.860001,49.75,49.869999,717400,49.654469
"2022-06-09",49.990002,50.18,49.48,49.509998,1048600,49.296021
"2022-06-10",48.549999,48.549999,47.549999,47.869999,1159300,47.663113
"2022-06-13",46.709999,47.200001,45.959999,46.330002,1108800,46.129768
"2022-06-14",46.23,46.59,45.459999,45.860001,1173700,45.6618
"2022-06-15",46.060001,46.619999,45.200001,46.029999,1176700,45.831062
"2022-06-16",44.990002,45.150002,43.759998,44.02,1167500,43.82975
"2022-06-17",44.220001,44.970001,43.849998,43.900002,2110100,43.71027
"2022-06-21",44.509998,44.639999,43.919998,44.299999,1069900,44.10854
"2022-06-22",43.650002,45.049999,43.599998,44.630001,1341700,44.437115
"2022-06-23",44.630001,45.630001,44.43,45.529999,900900,45.333225
"2022-06-24",45.919998,47.349998,45.91,47.029999,1578500,46.82674
"2022-06-27",47.240002,47.48,46.310001,46.450001,1092400,46.249249
"2022-06-28",46.599998,47.099998,45.48,45.52,1087600,45.323269
"2022-06-29",45.650002,45.93,45.029999,45.709999,952900,45.512447
