"","XYL.Open","XYL.High","XYL.Low","XYL.Close","XYL.Volume","XYL.Adjusted"
"2020-07-01",65.029999,65.260002,63.630001,63.650002,873600,62.232292
"2020-07-02",64.629997,66.190002,64.449997,65.419998,1294500,63.962868
"2020-07-06",66.830002,67.529999,66.489998,67.150002,1171300,65.654343
"2020-07-07",66.419998,67.610001,65.889999,66.089996,1056200,64.617943
"2020-07-08",65.980003,66.580002,65.110001,65.739998,1003200,64.275734
"2020-07-09",65.480003,66.919998,64.839996,66.519997,1336300,65.038368
"2020-07-10",66.650002,67.129997,65.889999,66.510002,1301500,65.028603
"2020-07-13",67.089996,68.519997,66.639999,67.339996,1019900,65.840088
"2020-07-14",70.730003,73.400002,69.279999,73.330002,2442100,71.696686
"2020-07-15",74.32,75.389999,73.68,74.980003,1843800,73.309937
"2020-07-16",74.839996,77.300003,74.440002,74.75,1704100,73.085068
"2020-07-17",75.099998,75.099998,74.019997,74.25,1042700,72.596199
"2020-07-20",74.239998,74.629997,73.720001,74.169998,748400,72.517967
"2020-07-21",74.239998,75.470001,74.150002,74.43,960000,72.772179
"2020-07-22",74.650002,75.459999,74.309998,74.419998,780100,72.762398
"2020-07-23",74.529999,75.760002,74.110001,74.610001,872600,72.948166
"2020-07-24",73.870003,75.010002,73.870003,74.25,998600,72.596199
"2020-07-27",74.239998,75.360001,73.870003,75.260002,935800,73.583694
"2020-07-28",75.110001,75.510002,74.120003,74.339996,774700,72.684196
"2020-07-29",74.919998,77.360001,74.860001,77.169998,1196500,75.451157
"2020-07-30",76.290001,77.010002,73.199997,74.669998,1304800,73.006828
"2020-07-31",74.099998,74.720001,71.870003,72.980003,1392000,71.354485
"2020-08-03",73.349998,74.089996,72.669998,73.620003,858900,71.980217
"2020-08-04",73.639999,73.900002,72.57,73.790001,696400,72.146431
"2020-08-05",74.010002,76.169998,74.010002,76.029999,953800,74.336548
"2020-08-06",75.769997,76.360001,75.080002,75.790001,731000,74.101891
"2020-08-07",75.720001,77.150002,75.5,77.150002,864800,75.431602
"2020-08-10",77.540001,79.239998,77.300003,79,959200,77.240387
"2020-08-11",80.18,81.43,79.739998,80.300003,942400,78.511436
"2020-08-12",80.949997,81.470001,79.879997,80.099998,887100,78.315887
"2020-08-13",79.529999,80.010002,79.209999,79.480003,510800,77.709702
"2020-08-14",78.769997,80.050003,78.769997,79.620003,406100,77.846581
"2020-08-17",79.589996,79.900002,78.860001,79.220001,459000,77.455498
"2020-08-18",79.199997,79.910004,78.860001,79.330002,464600,77.563042
"2020-08-19",79.349998,80.309998,79.040001,79.379997,555600,77.611923
"2020-08-20",78.639999,79.540001,78.410004,79.379997,590400,77.611923
"2020-08-21",79.5,79.889999,78.839996,79.400002,536800,77.631493
"2020-08-24",79.580002,81.419998,79.470001,81.400002,635300,79.586937
"2020-08-25",81.650002,81.940002,80.25,80.940002,680000,79.137184
"2020-08-26",80.440002,81.230003,80.309998,80.699997,531000,79.156799
"2020-08-27",80.970001,81.730003,80.43,81.209999,578700,79.657043
"2020-08-28",81.360001,82.059998,80.559998,81.980003,484900,80.412338
"2020-08-31",81.980003,81.989998,80.099998,80.18,890800,78.646751
"2020-09-01",80.379997,81.790001,79.720001,81.730003,633500,80.167107
"2020-09-02",81.940002,83.589996,81.510002,83.18,912900,81.589378
"2020-09-03",83.580002,83.919998,80.879997,81.660004,954000,80.098442
"2020-09-04",82.739998,83.080002,81.269997,81.870003,891700,80.304428
"2020-09-08",81.519997,82.5,80.050003,81.349998,827200,79.794373
"2020-09-09",82.010002,84.470001,81.730003,83.410004,800900,81.81498
"2020-09-10",83.5,83.860001,81.75,82.019997,854300,80.451553
"2020-09-11",82.580002,84.870003,82.07,84.550003,781600,82.933182
"2020-09-14",85.07,85.349998,83.489998,84.209999,1155100,82.599686
"2020-09-15",84.5,85.599998,84.07,84.410004,792200,82.795868
"2020-09-16",84.599998,87.639999,83.879997,85.209999,1228000,83.580551
"2020-09-17",84.290001,86.269997,83.32,85.849998,1071700,84.208313
"2020-09-18",85.839996,87.260002,85.419998,85.589996,1915200,83.9533
"2020-09-21",83.720001,84,82.309998,83.459999,1420700,81.864029
"2020-09-22",83.209999,84.089996,82.720001,83.93,1069400,82.325035
"2020-09-23",83.949997,84.550003,82.339996,82.43,915900,80.853722
"2020-09-24",82.260002,83.220001,81.43,82.199997,1038800,80.628113
"2020-09-25",81.690002,83.279999,81.150002,83.059998,850700,81.471664
"2020-09-28",84.209999,84.970001,83.660004,83.860001,806800,82.256378
"2020-09-29",84.389999,84.389999,83.300003,83.769997,885600,82.168083
"2020-09-30",83.879997,85.160004,83.419998,84.120003,879900,82.511414
"2020-10-01",84.5,84.980003,81.910004,82.559998,699000,80.981224
"2020-10-02",80.949997,85.019997,80.949997,84.43,611400,82.815468
"2020-10-05",85.129997,86.519997,85,86.32,424700,84.669327
"2020-10-06",87.239998,88.599998,85.919998,86.510002,598900,84.855698
"2020-10-07",87.25,88.82,87.129997,88.199997,600500,86.513382
"2020-10-08",89.07,89.870003,88.059998,89.830002,560700,88.112213
"2020-10-09",90.550003,91.269997,89.809998,90.589996,722100,88.857666
"2020-10-12",90.989998,93.150002,90.82,91.870003,775300,90.113205
"2020-10-13",91.510002,92.309998,89.669998,89.889999,768700,88.171059
"2020-10-14",90.339996,91.519997,89.959999,90.82,776900,89.083282
"2020-10-15",89.93,91.470001,89.440002,90.970001,532100,89.230415
"2020-10-16",91.120003,92.660004,90.699997,91.519997,1506300,89.769882
"2020-10-19",91.050003,91.589996,89.900002,90.419998,779700,88.690926
"2020-10-20",91.199997,92.379997,90.589996,91.480003,778800,89.730652
"2020-10-21",91.480003,92.300003,90.489998,90.769997,883700,89.034225
"2020-10-22",91.129997,91.650002,90.410004,90.860001,1261300,89.122513
"2020-10-23",91.589996,91.790001,90.489998,91.589996,731800,89.838547
"2020-10-26",90.279999,90.830002,89.010002,90.07,486400,88.347626
"2020-10-27",89.760002,90.300003,88.629997,89.059998,736400,87.356926
"2020-10-28",87.440002,88.489998,86.860001,87.349998,950600,85.679642
"2020-10-29",87.099998,88.5,84.139999,86.860001,1265800,85.199005
"2020-10-30",87.040001,88.010002,85.639999,87.139999,851700,85.473656
"2020-11-02",88.839996,90.239998,87.669998,88.589996,1017800,86.89592
"2020-11-03",89.449997,92.019997,89.449997,91.610001,973100,89.85817
"2020-11-04",90.419998,90.980003,85.580002,86.779999,1044000,85.362801
"2020-11-05",88.989998,91.580002,87.910004,90.82,1063100,89.33683
"2020-11-06",90.68,91.849998,90.550003,91.080002,518800,89.592583
"2020-11-09",98.040001,99.059998,93.43,93.529999,1053000,92.002579
"2020-11-10",94.139999,96.480003,94.029999,95.110001,1016800,93.55677
"2020-11-11",95.889999,96.339996,93.110001,93.800003,936000,92.268158
"2020-11-12",93.290001,93.629997,91.370003,92.360001,546300,90.851677
"2020-11-13",92.510002,95.230003,92.510002,94.989998,640700,93.438721
"2020-11-16",96.589996,97.839996,95.43,97.389999,1000900,95.799545
"2020-11-17",96.830002,97.07,95.010002,95.949997,730900,94.383057
"2020-11-18",96.029999,96.489998,94.669998,94.980003,636100,93.428902
"2020-11-19",94.809998,95.199997,93.599998,94.370003,774600,92.828857
"2020-11-20",94.559998,95.419998,93.660004,94.379997,637900,92.838692
"2020-11-23",95.349998,95.889999,94,94.699997,540700,93.153465
"2020-11-24",96.139999,98.589996,95.800003,97.519997,1151100,95.927406
"2020-11-25",97.43,97.699997,96.169998,96.690002,900800,95.11097
"2020-11-27",97.360001,98.160004,96.529999,97.139999,453300,95.553604
"2020-11-30",96.82,97.120003,95.059998,95.970001,1498800,94.402718
"2020-12-01",97.519997,98.25,96.970001,97.07,1026100,95.484756
"2020-12-02",96.230003,96.800003,95.139999,96.139999,737100,94.569946
"2020-12-03",96.489998,97.970001,96.290001,96.75,1314300,95.169991
"2020-12-04",97.580002,99.389999,97.480003,98.410004,886200,96.802879
"2020-12-07",98.650002,98.989998,97.410004,98.199997,868700,96.596313
"2020-12-08",97.730003,99.330002,97.57,98.629997,813800,97.019295
"2020-12-09",98.980003,99.419998,97.730003,98.529999,1111000,96.920929
"2020-12-10",97.830002,98.599998,96.980003,98.209999,706900,96.60614
"2020-12-11",97.400002,98.779999,97.32,98.480003,730800,96.871742
"2020-12-14",99.260002,99.540001,97.059998,97.139999,682400,95.553604
"2020-12-15",97.470001,99.989998,97.190002,99.769997,881900,98.140671
"2020-12-16",100,100.370003,98.459999,99.019997,891800,97.402916
"2020-12-17",99.559998,100.290001,98.709999,99.75,964800,98.120987
"2020-12-18",99.839996,100.639999,98.790001,100.050003,1774600,98.416084
"2020-12-21",98.300003,101.269997,97.629997,100.720001,1023700,99.075157
"2020-12-22",100.550003,100.550003,98.349998,99.400002,1060300,97.776711
"2020-12-23",100.529999,100.75,99.379997,99.730003,593300,98.101326
"2020-12-24",100.309998,100.480003,99.309998,100.25,249700,98.612823
"2020-12-28",101.440002,101.610001,100.019997,100.370003,408600,98.730865
"2020-12-29",101.18,101.629997,99.059998,99.510002,501900,97.884918
"2020-12-30",99.949997,101.150002,99.650002,100.779999,418200,99.134163
"2020-12-31",100.779999,101.870003,100.510002,101.790001,504200,100.12767
"2021-01-04",102.029999,102.279999,98.199997,99.690002,814700,98.061981
"2021-01-05",99.739998,101.43,99.290001,99.57,1005200,97.943932
"2021-01-06",101.25,104.660004,100.809998,103.769997,1015300,102.07534
"2021-01-07",105.620003,108.68,104.5,108.480003,1539300,106.708427
"2021-01-08",105.870003,108.839996,104.519997,107.379997,1632200,105.626381
"2021-01-11",106.550003,107.400002,105.110001,106.019997,1285100,104.288597
"2021-01-12",106.239998,107.620003,105.07,105.830002,1292100,104.1017
"2021-01-13",106.209999,106.209999,104.269997,105.209999,1132800,103.491829
"2021-01-14",105.900002,106.389999,104.610001,105.529999,916500,103.806595
"2021-01-15",104.779999,104.940002,102.199997,103.5,1060200,101.809753
"2021-01-19",104.610001,105.419998,103.339996,104.260002,1247500,102.557343
"2021-01-20",105.110001,105.290001,103.419998,104,759200,102.301598
"2021-01-21",104,104.610001,102.419998,103.139999,1182300,101.455635
"2021-01-22",102.730003,103.25,102.169998,102.599998,1248400,100.924454
"2021-01-25",102.440002,104.07,100.370003,101,1247800,99.350578
"2021-01-26",101.449997,101.769997,99.220001,99.230003,1138000,97.609489
"2021-01-27",98.25,99.199997,96.599998,97.949997,1233100,96.35038
"2021-01-28",99.260002,100.32,98.980003,99.089996,1357900,97.471771
"2021-01-29",98.389999,98.849998,96.040001,96.589996,996300,95.012589
"2021-02-01",97.779999,97.919998,95.709999,97.139999,1135400,95.553604
"2021-02-02",98.389999,99.150002,96.690002,97.18,1272900,95.592957
"2021-02-03",97,97.389999,94.82,95.120003,2544400,93.566612
"2021-02-04",97.690002,99.57,95.050003,97.169998,2677900,95.58313
"2021-02-05",96.940002,98.650002,96.220001,98.190002,1226000,96.586479
"2021-02-08",98.419998,101.330002,98.410004,100.959999,1228600,99.311234
"2021-02-09",101.059998,101.5,99.550003,101.190002,1125100,99.537476
"2021-02-10",102.190002,102.220001,100.110001,101.139999,1015000,99.488289
"2021-02-11",101.620003,101.970001,98.059998,98.940002,1573700,97.324219
"2021-02-12",98,99.389999,96.580002,99.120003,1508800,97.501289
"2021-02-16",99.349998,100.860001,98.830002,98.980003,1468300,97.363564
"2021-02-17",98.389999,98.989998,97.449997,98.190002,867600,96.860474
"2021-02-18",97.849998,98,94.629997,96.800003,1143600,95.489296
"2021-02-19",97.519997,99.949997,97.099998,99.739998,981200,98.389488
"2021-02-22",99.089996,100.199997,98.910004,99.480003,932700,98.133011
"2021-02-23",99.910004,99.910004,97.459999,98.849998,833400,97.511536
"2021-02-24",99.169998,101.730003,97.919998,101.089996,793900,99.721199
"2021-02-25",100.970001,102.410004,99.599998,100,1022100,98.645958
"2021-02-26",99.949997,100.959999,99.529999,99.559998,1392400,98.211914
"2021-03-01",100.610001,103.440002,100.610001,102.230003,855500,100.845772
"2021-03-02",102.18,102.730003,101.370003,101.959999,873100,100.57943
"2021-03-03",102.18,102.910004,101.089996,101.139999,928000,99.770531
"2021-03-04",100.900002,101.239998,97.059998,98.5,899700,97.166267
"2021-03-05",99.529999,100.57,96.690002,100.239998,1044400,98.882713
"2021-03-08",100.449997,102.82,100.150002,100.919998,689800,99.553505
"2021-03-09",101.059998,102.449997,99.949997,100.010002,906700,98.65583
"2021-03-10",100.470001,101.160004,99.470001,101,1011800,99.632416
"2021-03-11",100.989998,102.290001,100.550003,101.059998,707300,99.691605
"2021-03-12",101.610001,102,100.75,101.870003,573800,100.490646
"2021-03-15",102.150002,104.169998,101.330002,104.059998,856800,102.650986
"2021-03-16",103.760002,104.290001,101.980003,102.559998,762900,101.171303
"2021-03-17",103.239998,104.769997,102.43,104.370003,878900,102.956795
"2021-03-18",103.849998,106.400002,103.849998,104.169998,1271900,102.759499
"2021-03-19",103.800003,104.849998,103.190002,104.010002,2013100,102.601669
"2021-03-22",103.559998,103.849998,101.150002,102.43,1131000,101.043053
"2021-03-23",101.389999,102.239998,99.849998,100.400002,1037000,99.04055
"2021-03-24",101.230003,103.199997,101.019997,101.110001,1091800,99.740944
"2021-03-25",101.139999,102.410004,99.160004,101.93,1070700,100.549835
"2021-03-26",102.800003,104.849998,102.169998,104.760002,790900,103.341515
"2021-03-29",104.400002,105.050003,103.370003,104.269997,808900,102.858139
"2021-03-30",104.459999,105.07,103.529999,104.879997,773800,103.459892
"2021-03-31",105.5,106.019997,103.529999,105.18,1061000,103.755821
"2021-04-01",106.129997,106.610001,104.120003,104.639999,754600,103.223145
"2021-04-05",105.199997,106.589996,105.160004,106.419998,828000,104.979042
"2021-04-06",106.639999,107.980003,106.050003,106.510002,752500,105.067818
"2021-04-07",106.029999,106.489998,105.209999,105.940002,651300,104.505539
"2021-04-08",105.57,106.25,104.940002,105.730003,554600,104.298386
"2021-04-09",106.410004,108,106.139999,108,778500,106.537643
"2021-04-12",108,108.489998,107.559998,108.410004,489000,106.942093
"2021-04-13",108.230003,108.360001,106.669998,107.110001,494400,105.659698
"2021-04-14",107,108.169998,106.970001,107.800003,444900,106.340363
"2021-04-15",107.93,108.300003,107.019997,108.040001,684400,106.577103
"2021-04-16",109.220001,109.669998,108.010002,108.610001,756800,107.139389
"2021-04-19",108.970001,108.980003,107.760002,108.209999,532000,106.744797
"2021-04-20",108.199997,108.769997,106.5,107.589996,548300,106.133194
"2021-04-21",107.629997,109.480003,107.589996,109.480003,591800,107.997604
"2021-04-22",110,110.720001,109.029999,109.080002,509200,107.603012
"2021-04-23",109.650002,110.879997,109.25,110.480003,468800,108.98407
"2021-04-26",111,111.989998,110.279999,110.440002,510300,108.944611
"2021-04-27",110.349998,111.480003,109.900002,111.360001,542900,109.85215
"2021-04-28",111.57,112.120003,111.059998,111.260002,465700,109.753494
"2021-04-29",112,112.639999,111.129997,112.269997,544900,110.749825
"2021-04-30",111.489998,111.93,110.309998,110.650002,773400,109.151756
"2021-05-03",111.510002,112.139999,110.419998,111.599998,879400,110.088898
"2021-05-04",112.669998,116.309998,111.300003,115.949997,1302500,114.379997
"2021-05-05",117.139999,117.68,114.910004,117.360001,887600,115.770905
"2021-05-06",117.589996,118.879997,116.849998,118.75,809100,117.142082
"2021-05-07",118.57,119.599998,117.739998,119.339996,766000,117.724091
"2021-05-10",120.120003,121,119.519997,119.800003,641300,118.177872
"2021-05-11",118.650002,118.949997,116.75,117.629997,852500,116.037247
"2021-05-12",117.099998,117.5,112.599998,112.980003,897600,111.450218
"2021-05-13",113.110001,116.440002,113.080002,115.849998,570200,114.281349
"2021-05-14",116.769997,118.82,116.360001,118.400002,510300,116.796814
"2021-05-17",117.660004,118.449997,116.580002,117.540001,424100,115.948471
"2021-05-18",117.339996,117.639999,115,115.139999,589900,113.580963
"2021-05-19",113.610001,113.629997,112.019997,113.18,1164800,111.647507
"2021-05-20",113.760002,114.099998,113.040001,113.809998,901100,112.268974
"2021-05-21",114.440002,115.830002,114.440002,115.470001,696400,113.906502
"2021-05-24",116.349998,116.370003,114.959999,115.900002,600700,114.330673
"2021-05-25",116.239998,117.75,115.959999,116.769997,763400,115.188889
"2021-05-26",116.519997,116.949997,116.050003,116.860001,543400,115.554756
"2021-05-27",118.360001,118.610001,117.18,117.599998,833400,116.286491
"2021-05-28",117.709999,118.400002,117.360001,118.120003,515400,116.800697
"2021-06-01",119.360001,119.870003,118.910004,119.279999,666000,117.947731
"2021-06-02",119.230003,119.400002,118.279999,118.769997,537000,117.443428
"2021-06-03",118.110001,118.540001,117.370003,118.5,759300,117.176445
"2021-06-04",119,119.540001,118.650002,119.239998,599000,117.908173
"2021-06-07",119.330002,119.529999,118.370003,119,633400,117.670853
"2021-06-08",118.830002,120.040001,117.769997,119.760002,527200,118.422379
"2021-06-09",119.449997,119.449997,118.269997,118.449997,670800,117.126999
"2021-06-10",119.220001,119.43,118.050003,118.230003,731900,116.909462
"2021-06-11",118.830002,119.080002,117.139999,118.160004,759400,116.840248
"2021-06-14",117.889999,118.110001,115.959999,117.269997,649500,115.960182
"2021-06-15",117.349998,118.209999,116.480003,118.089996,745600,116.771019
"2021-06-16",117.75,118.099998,115.32,115.489998,1010300,114.200058
"2021-06-17",115.599998,116.059998,112.459999,113.940002,1074800,112.667374
"2021-06-18",112.550003,114.230003,112.169998,113.419998,2234100,112.153183
"2021-06-21",114.739998,116.900002,114.739998,116.330002,725400,115.030693
"2021-06-22",116.300003,116.949997,115.559998,116.379997,731300,115.080124
"2021-06-23",117,117.260002,115.849998,116.07,668000,114.773582
"2021-06-24",116.599998,117.480003,115.620003,116.919998,648900,115.614082
"2021-06-25",117.43,117.889999,116.43,116.849998,3223900,115.544868
"2021-06-28",117.120003,119.529999,116.25,119.199997,917100,117.868622
"2021-06-29",119.629997,120.339996,119.040001,119.239998,712800,117.908173
"2021-06-30",118.82,120.220001,118.589996,119.959999,734300,118.62014
"2021-07-01",121,121.529999,119.75,120.139999,499000,118.798119
"2021-07-02",120.410004,121.5,119.949997,120.889999,492900,119.539749
"2021-07-06",121.099998,121.220001,118.919998,120.459999,963300,119.114555
"2021-07-07",120.540001,121.300003,119.839996,120.669998,1637400,119.322205
"2021-07-08",119.129997,119.599998,117.900002,119.190002,856600,117.858734
"2021-07-09",120.260002,121.349998,120.260002,121.050003,649500,119.697975
"2021-07-12",120.32,121.720001,120.040001,121.639999,642100,120.28138
"2021-07-13",121.739998,121.970001,120.370003,120.769997,807200,119.421089
"2021-07-14",121,121.860001,120.050003,121.010002,752700,119.658417
"2021-07-15",120.150002,121.660004,118.849998,120.010002,842300,118.669579
"2021-07-16",120.790001,121.629997,118.760002,119.360001,842100,118.02684
"2021-07-19",117.900002,118.220001,115.949997,117.230003,917000,115.920639
"2021-07-20",117.919998,121.779999,117.760002,121.529999,1113300,120.172592
"2021-07-21",121.959999,122.860001,121.68,122.43,602500,121.062553
"2021-07-22",122.660004,122.660004,121.650002,122,414500,120.63736
"2021-07-23",123.099998,123.540001,122.339996,123.260002,548400,121.883278
"2021-07-26",123.25,124.239998,122.93,124.080002,710100,122.694115
"2021-07-27",123.480003,124.779999,122.629997,123.949997,581300,122.565559
"2021-07-28",124.029999,124.349998,121.839996,122.93,856200,121.556961
"2021-07-29",124.18,125.370003,123.709999,125.059998,478700,123.66317
"2021-07-30",124.93,126.029999,124.440002,125.849998,678200,124.444351
"2021-08-02",126.669998,127.839996,125.470001,125.639999,643600,124.236694
"2021-08-03",124.25,128.639999,122.019997,127.93,1325900,126.501122
"2021-08-04",127.029999,127.779999,125.919998,126.660004,954400,125.245308
"2021-08-05",127.379997,128.289993,126.720001,127.519997,698200,126.095688
"2021-08-06",128.369995,129.039993,127.900002,128.800003,763400,127.361404
"2021-08-09",128.820007,129.559998,127.870003,128.490005,516400,127.054855
"2021-08-10",128.649994,130.490005,128.119995,129.399994,646500,127.954697
"2021-08-11",129.910004,130.320007,129.289993,130.220001,648600,128.765549
"2021-08-12",130.169998,131.160004,129.779999,131.089996,826700,129.625839
"2021-08-13",131.490005,132,130.880005,131.529999,567900,130.060898
"2021-08-16",131.050003,132.970001,130.649994,132.929993,683200,131.445267
"2021-08-17",132.139999,132.619995,130.520004,131.800003,615500,130.327881
"2021-08-18",131.100006,131.679993,130.119995,130.270004,594700,128.814987
"2021-08-19",129.429993,130.559998,128.800003,130.25,793600,128.795197
"2021-08-20",130.330002,131.679993,129.889999,131.570007,484900,130.100479
"2021-08-23",132.550003,133.070007,131.800003,132.199997,810200,130.723419
"2021-08-24",132.460007,134.059998,132.309998,133.960007,494000,132.463776
"2021-08-25",133.990005,135.550003,133.589996,135.100006,495700,133.870865
"2021-08-26",134.869995,135,133.229996,134.279999,976600,133.058304
"2021-08-27",134.720001,136.300003,134.660004,134.940002,727600,133.712296
"2021-08-30",135.399994,137.190002,135.160004,136.479996,564400,135.238297
"2021-08-31",136.289993,137.259995,135.789993,136.309998,1088300,135.069824
"2021-09-01",136.259995,136.979996,134.679993,136.550003,728200,135.307663
"2021-09-02",137.160004,138.779999,137.029999,138.029999,870500,136.7742
"2021-09-03",137.820007,138.449997,136.940002,137.25,588200,136.001282
"2021-09-07",136.619995,136.860001,135.130005,135.649994,790000,134.415848
"2021-09-08",135.720001,135.75,134.320007,135.110001,766800,133.880753
"2021-09-09",135.440002,135.580002,133.240005,133.940002,1068200,132.721405
"2021-09-10",134.639999,135.710007,133.889999,134.339996,660700,133.117752
"2021-09-13",135.820007,135.830002,131.729996,132.679993,789800,131.472855
"2021-09-14",133.220001,133.5,132.080002,132.490005,528300,131.284592
"2021-09-15",132.110001,134.820007,131.970001,134.179993,610100,132.959198
"2021-09-16",134.190002,134.520004,132.089996,132.880005,398300,131.671051
"2021-09-17",132.240005,132.960007,130.880005,131.559998,1469700,130.363052
"2021-09-20",129.630005,131.139999,128.389999,131.039993,740300,129.847794
"2021-09-21",131.600006,131.919998,129.809998,130.940002,637900,129.748703
"2021-09-22",132.080002,133.979996,131.679993,133.160004,630800,131.948486
"2021-09-23",134.050003,136.080002,133.699997,135.169998,527200,133.940216
"2021-09-24",134.630005,136,134.559998,135.619995,433100,134.386108
"2021-09-27",135.470001,136.149994,134.25,134.300003,568000,133.07814
"2021-09-28",133.690002,133.720001,128.759995,128.919998,1030900,127.74707
"2021-09-29",129.389999,129.720001,127.32,127.779999,1134000,126.617447
"2021-09-30",128.240005,128.690002,123.68,123.68,1427500,122.554749
"2021-10-01",122.43,122.879997,119.800003,121.300003,1472000,120.196404
"2021-10-04",121.269997,122.360001,118.040001,119.300003,1052200,118.2146
"2021-10-05",119.690002,122.889999,118.949997,122.470001,1056800,121.355751
"2021-10-06",121.650002,122.400002,119.480003,122.25,623700,121.137756
"2021-10-07",123.540001,124.010002,122.040001,122.360001,701200,121.246758
"2021-10-08",121.900002,122.599998,120.559998,121.470001,623700,120.364853
"2021-10-11",121.019997,121.419998,118.709999,118.790001,523900,117.709236
"2021-10-12",119.099998,119.660004,118.330002,118.760002,560300,117.679512
"2021-10-13",119.540001,120.620003,118.239998,119.940002,518300,118.84877
"2021-10-14",121.160004,123.410004,121.080002,123.370003,640600,122.247574
"2021-10-15",124.459999,125.209999,124.010002,124.690002,913500,123.555557
"2021-10-18",123.68,125.480003,123.209999,125.089996,563800,123.951912
"2021-10-19",126.43,126.660004,125.25,125.510002,518500,124.368095
"2021-10-20",125.68,127.029999,125.019997,126.559998,581400,125.408539
"2021-10-21",126.599998,128.220001,126.379997,128.070007,521400,126.904808
"2021-10-22",128.300003,129.789993,128.300003,128.759995,499900,127.588524
"2021-10-25",128.429993,130.350006,128,129.050003,478400,127.875885
"2021-10-26",129.610001,129.789993,127.739998,127.800003,579500,126.637268
"2021-10-27",127.760002,129.520004,127.32,128,484100,126.835442
"2021-10-28",128.130005,131.270004,128.100006,131.210007,483400,130.016251
"2021-10-29",130.820007,132.649994,129.839996,130.589996,703500,129.401871
"2021-11-01",131.039993,131.860001,128.470001,129.270004,600200,128.093887
"2021-11-02",127.809998,130.960007,126.089996,129.050003,1085600,127.875885
"2021-11-03",128.330002,128.869995,124.169998,125.620003,830000,124.477097
"2021-11-04",126.400002,130.25,126,129.740005,625800,128.559631
"2021-11-05",130.490005,132.070007,130.130005,131.009995,700800,129.818054
"2021-11-08",132.279999,134.289993,131.539993,133.070007,577500,131.859329
"2021-11-09",132.830002,133.869995,131.949997,133.509995,434200,132.295303
"2021-11-10",133.25,133.580002,129.100006,132.270004,580000,131.066605
"2021-11-11",132.270004,132.460007,130.179993,130.309998,511100,129.12442
"2021-11-12",131.089996,131.110001,129.490005,130.529999,691400,129.342422
"2021-11-15",130.669998,131.529999,129.199997,129.470001,614300,128.292068
"2021-11-16",130.050003,131.350006,129.660004,130.850006,710500,129.6595
"2021-11-17",130.589996,130.919998,129.399994,130.160004,487800,128.9758
"2021-11-18",130.479996,131.410004,129.559998,130.240005,475300,129.055069
"2021-11-19",130.339996,130.339996,128.940002,129.100006,696500,127.92543
"2021-11-22",129.470001,130.419998,127.529999,127.610001,685700,126.723831
"2021-11-23",127.089996,127.510002,125.849998,126.57,619900,125.691055
"2021-11-24",125.739998,125.739998,124.099998,125.040001,1121800,124.171677
"2021-11-26",122.419998,123.970001,121.480003,122.639999,969100,121.788345
"2021-11-29",123.75,124.529999,122.169998,123.800003,1294700,122.940292
"2021-11-30",122.959999,124.349998,119.889999,121.110001,2259700,120.268974
"2021-12-01",123.150002,123.739998,118.540001,118.599998,1132300,117.776398
"2021-12-02",119.209999,120.949997,118.349998,120.339996,1609000,119.504311
"2021-12-03",120.349998,120.349998,115.709999,118.089996,1797300,117.269936
"2021-12-06",119.260002,121.68,119.129997,120.699997,1059400,119.861816
"2021-12-07",122.389999,124.239998,122.18,124.169998,1098700,123.307724
"2021-12-08",124.57,125.379997,123.470001,124.150002,896200,123.287857
"2021-12-09",123.730003,124.040001,122.459999,123.099998,836400,122.245148
"2021-12-10",123.629997,124.080002,121.650002,122.800003,998300,121.947235
"2021-12-13",122.879997,123.040001,121.57,122.099998,1671600,121.252098
"2021-12-14",121.349998,121.879997,118.220001,118.68,1298600,117.85585
"2021-12-15",119.489998,119.879997,117.540001,119.75,1881100,118.918419
"2021-12-16",120.690002,121.470001,118.089996,118.639999,1668400,117.816124
"2021-12-17",118.199997,118.940002,115.540001,115.809998,1503200,115.005775
"2021-12-20",114.269997,114.57,112.639999,114.050003,1054300,113.258003
"2021-12-21",115.419998,116.379997,114.739998,115.980003,813800,115.174606
"2021-12-22",116.330002,116.809998,115.470001,116.160004,592600,115.353348
"2021-12-23",116.800003,118.290001,116.720001,117.5,575400,116.684036
"2021-12-27",117.669998,118.550003,117.540001,118.290001,837200,117.468552
"2021-12-28",118.510002,119.769997,118.349998,119.519997,402400,118.69001
"2021-12-29",119.620003,119.970001,118.830002,119.360001,708800,118.531128
"2021-12-30",119.519997,120.18,119.050003,119.099998,401400,118.272926
"2021-12-31",118.830002,120.5,118.830002,119.919998,428900,119.087234
"2022-01-03",120.209999,121.050003,116.150002,116.889999,759100,116.078278
"2022-01-04",115.889999,118.730003,115.449997,118.129997,925400,117.309662
"2022-01-05",118.360001,119.57,116.419998,116.519997,1090200,115.710838
"2022-01-06",116.970001,117.690002,115.940002,116.360001,703400,115.551956
"2022-01-07",115.980003,116.709999,115.290001,115.43,765000,114.62841
"2022-01-10",114.559998,114.919998,111.720001,114.260002,1062700,113.466545
"2022-01-11",114.639999,116.239998,112.690002,116.190002,976300,115.383141
"2022-01-12",117.050003,117.599998,115.269997,116.18,771800,115.373207
"2022-01-13",116.339996,117,113.93,114.419998,1168400,113.625427
"2022-01-14",113.199997,113.43,109.550003,111.540001,1725200,110.765427
"2022-01-18",110.230003,111.169998,109.400002,109.980003,1516400,109.21627
"2022-01-19",110.650002,111.419998,108.370003,108.510002,1529200,107.756477
"2022-01-20",109.080002,109.949997,106.199997,106.519997,1268600,105.780289
"2022-01-21",105.970001,108.410004,104.739998,107.089996,4093100,106.346329
"2022-01-24",104.959999,107.849998,101.940002,107.589996,1501200,106.84285
"2022-01-25",105.330002,105.559998,101.709999,103.870003,1636300,103.148689
"2022-01-26",105.220001,106.589996,101.550003,102.540001,1233300,101.827927
"2022-01-27",103.529999,104.510002,99.739998,100.43,1096900,99.732582
"2022-01-28",100.199997,101.730003,98.699997,101.709999,1122300,101.003693
"2022-01-31",101.150002,105.190002,100.330002,105.019997,1507600,104.290703
"2022-02-01",105.470001,106.169998,103.510002,104.919998,1380000,104.191399
"2022-02-02",104.919998,105.519997,103.150002,104.18,1326600,103.456543
"2022-02-03",96.18,96.919998,90.669998,91.650002,3649700,91.013557
"2022-02-04",91,92.18,87.440002,90.510002,2564500,89.88147
"2022-02-07",90.519997,91.330002,89.279999,89.459999,1330000,88.83876
"2022-02-08",89.32,92.510002,89.32,91.370003,1750800,90.735497
"2022-02-09",93.190002,95.290001,92.879997,95.169998,1920400,94.509109
"2022-02-10",93,95.400002,91.300003,91.839996,1505500,91.202232
"2022-02-11",91.690002,92.629997,88.120003,89.239998,1364400,88.620285
"2022-02-14",89.970001,91.339996,88.160004,89.260002,1469400,88.640152
"2022-02-15",91.050003,91.989998,90.540001,91.029999,1173600,90.397858
"2022-02-16",90.18,91,88.900002,90.669998,778700,90.338074
"2022-02-17",89.989998,90.970001,89.5,89.809998,939100,89.481224
"2022-02-18",89.809998,91.029999,89.459999,90.660004,1361500,90.328117
"2022-02-22",90.040001,91.360001,89.470001,90.010002,1686000,89.680496
"2022-02-23",90.440002,90.940002,87.830002,88.150002,1120800,87.827301
"2022-02-24",86.040001,87.93,84.739998,87.699997,3113500,87.378944
"2022-02-25",88,91.029999,86.720001,90.93,1535500,90.597122
"2022-02-28",89.059998,89.989998,87.699997,88.949997,2033200,88.624367
"2022-03-01",88.959999,89.5,86.029999,86.760002,1197900,86.44239
"2022-03-02",87.440002,88.510002,86.43,88.129997,1305600,87.807373
"2022-03-03",89.019997,89.300003,86.800003,88.919998,1313400,88.594482
"2022-03-04",86.779999,87.589996,84.879997,85.25,1756300,84.93792
"2022-03-07",85.669998,85.830002,82.529999,83.379997,1360200,83.07476
"2022-03-08",83.910004,84.769997,82.029999,82.370003,1594200,82.068466
"2022-03-09",83.959999,86.419998,83.910004,85.589996,1317500,85.276672
"2022-03-10",84.309998,84.309998,82.449997,83.230003,1759100,82.925316
"2022-03-11",84.839996,85.940002,83.529999,83.620003,1389800,83.313889
"2022-03-14",85.029999,86.370003,83.599998,83.989998,1173600,83.682526
"2022-03-15",84.489998,85.980003,83.989998,85.510002,1094300,85.196968
"2022-03-16",86.110001,88.660004,85.07,87.099998,1568100,86.781143
"2022-03-17",86.300003,88.519997,86.129997,88.099998,1648100,87.777481
"2022-03-18",88.489998,88.919998,86.800003,88.07,4329800,87.747597
"2022-03-21",87.709999,88.650002,86.690002,87.660004,1643700,87.339096
"2022-03-22",88.599998,89.309998,87.699997,88.690002,1678300,88.365326
"2022-03-23",87.949997,88.309998,86.470001,86.540001,1819800,86.223198
"2022-03-24",86.739998,87.220001,85.769997,86.339996,1075600,86.023926
"2022-03-25",86.669998,87.150002,85.940002,86.690002,811200,86.37265
"2022-03-28",86.139999,86.879997,85.349998,86.849998,860000,86.532059
"2022-03-29",89.110001,90.279999,87.959999,89.269997,1023000,88.943199
"2022-03-30",88.809998,89.349998,87.720001,88.099998,720500,87.777481
"2022-03-31",87.739998,88.040001,85.199997,85.260002,1415500,84.947884
"2022-04-01",86.43,86.730003,85.040001,86.230003,913200,85.91433
"2022-04-04",86.080002,87.260002,85.669998,86.760002,850700,86.44239
"2022-04-05",87.190002,88.160004,86.440002,86.889999,1346100,86.571915
"2022-04-06",85.470001,86.720001,84.18,86.709999,1271300,86.39257
"2022-04-07",86.389999,87.220001,85.129997,86.720001,1153100,86.402534
"2022-04-08",86.940002,88.790001,86.459999,86.669998,1363500,86.352715
"2022-04-11",86.529999,86.940002,85.510002,85.730003,1076700,85.416161
"2022-04-12",86.080002,86.980003,84.529999,84.849998,1172900,84.539383
"2022-04-13",84.57,86.669998,84.370003,86.540001,1061500,86.223198
"2022-04-14",86.919998,87.75,84.050003,84.139999,3518600,83.831978
"2022-04-18",83.449997,84.32,82.230003,82.650002,1337300,82.347435
"2022-04-19",82.970001,86.040001,82.949997,85.339996,1123400,85.02758
"2022-04-20",86.339996,87.480003,85.970001,86.800003,905200,86.482246
"2022-04-21",87.730003,87.940002,85.589996,86.480003,1089300,86.163414
"2022-04-22",85.779999,86.870003,84.510002,84.669998,1087700,84.360039
"2022-04-25",84.410004,84.410004,82.099998,84.050003,932500,83.74231
"2022-04-26",83.050003,83.959999,80.800003,80.809998,1151600,80.514168
"2022-04-27",80.879997,83.339996,80.870003,82.110001,1550400,81.80941
"2022-04-28",82.089996,83.68,80.739998,83.410004,1090700,83.10466
"2022-04-29",83.029999,83.989998,80.300003,80.5,1056100,80.205307
"2022-05-02",80.290001,82.379997,80,81.830002,1273000,81.530441
"2022-05-03",81.650002,82.949997,80.669998,82.370003,1695300,82.068466
"2022-05-04",85.629997,90.580002,85,90.300003,2218500,89.969437
"2022-05-05",89.260002,89.870003,85.440002,86.279999,1555700,85.964142
"2022-05-06",85.470001,85.860001,82.900002,85.209999,1153100,84.898064
"2022-05-09",83.980003,86.32,83.440002,84.980003,1400600,84.668907
"2022-05-10",85.940002,86.5,82.110001,82.629997,1619500,82.327507
"2022-05-11",82.379997,82.910004,80.720001,80.889999,981100,80.59388
"2022-05-12",80.160004,82.849998,80,82.790001,1024500,82.486923
"2022-05-13",83.669998,85.080002,82.650002,83.910004,911800,83.602829
"2022-05-16",82.349998,83.370003,81.18,81.800003,1079200,81.500549
"2022-05-17",83.470001,84.199997,82.690002,84.040001,688400,83.732346
"2022-05-18",82.519997,83.260002,80.650002,80.959999,849500,80.66362
"2022-05-19",80.089996,82.690002,79.620003,81.949997,1055200,81.649994
"2022-05-20",82.480003,82.760002,79.620003,81.690002,856200,81.390953
"2022-05-23",82.480003,82.949997,80.860001,81.239998,816700,80.942596
"2022-05-24",80.970001,82.540001,79.279999,81.949997,1006600,81.649994
"2022-05-25",80.809998,81.330002,78.919998,81.029999,2503300,81.029999
"2022-05-26",82.449997,84.190002,82.449997,83.93,870900,83.93
"2022-05-27",84.970001,85.949997,84.779999,85.910004,921000,85.910004
"2022-05-31",84.93,85.910004,83.309998,84.25,1704800,84.25
"2022-06-01",84.949997,85.599998,83.059998,83.75,800500,83.75
"2022-06-02",84.400002,86.57,83.839996,86.510002,702700,86.510002
"2022-06-03",85.389999,85.830002,84.699997,85.480003,671400,85.480003
"2022-06-06",86.110001,87.230003,85.550003,85.669998,719000,85.669998
"2022-06-07",84.720001,86.18,84.440002,86.010002,578900,86.010002
"2022-06-08",85.110001,85.900002,84.400002,84.629997,496600,84.629997
"2022-06-09",84.279999,84.669998,82.699997,82.720001,614200,82.720001
"2022-06-10",80.699997,81.07,79.260002,80.139999,912700,80.139999
"2022-06-13",78.169998,79.059998,76.529999,76.959999,938900,76.959999
"2022-06-14",76.849998,77.279999,75.099998,76.5,1082100,76.5
"2022-06-15",77.360001,77.889999,75.489998,76.449997,815100,76.449997
"2022-06-16",74.400002,74.800003,72.080002,73.07,1438200,73.07
"2022-06-17",73.220001,74.470001,72.889999,72.910004,1494500,72.910004
"2022-06-21",73.779999,75.32,73.089996,74.809998,1299900,74.809998
"2022-06-22",74.059998,76.050003,73.940002,75.519997,1195700,75.519997
"2022-06-23",75.32,77.059998,74.379997,76.830002,2347900,76.830002
"2022-06-24",77.610001,79.629997,77.5,79.610001,2671000,79.610001
"2022-06-27",80.099998,80.699997,78.75,79.550003,853200,79.550003
"2022-06-28",79.529999,80.470001,77.769997,77.900002,788400,77.900002
"2022-06-29",77.660004,78.099998,76.419998,78.029999,765800,78.029999
